word,leixing,fanyi
sat,v, 坐（sit的过去式，过去分词）
with,prep, 和……在一起；具有；用；反对；关于；包括；由于；随着；顺着；受雇于；虽然；支持；穿着；受……影响；表示与某物分离；由……负责
my,pron, 我的
friend,n, 朋友；助手；赞助者
in,prep, 在……内；进……里；在……期间；在……以后；穿着；在……状态中；在……方面；包含在……中；从事……；用……语言，以……媒介；以……调；在（活动）过程中；在……岁数；当……时；（引出具某种品质的人的名字）；占……；在……之中（用于较大和较小数字之间）；以……的数量；带……颜色的；以……方式；具有……特性；按照（表示方式）
well,adv, 很好地；充分地；满意地；适当地
known,adj, 已知的；知名的；大家知道的
coffee,n, 咖啡；咖啡豆；咖啡色
shop,n, 商店；店铺
in,prep, 在……内；进……里；在……期间；在……以后；穿着；在……状态中；在……方面；包含在……中；从事……；用……语言，以……媒介；以……调；在（活动）过程中；在……岁数；当……时；（引出具某种品质的人的名字）；占……；在……之中（用于较大和较小数字之间）；以……的数量；带……颜色的；以……方式；具有……特性；按照（表示方式）
neighboring,adj, 邻近的；附近的（等于neighbouring）
town,n, 城镇，市镇；市内商业区
of,prep, 属于；……的；……的一部分；住在（某地）；关于；由……组成的；因为；（表示人或事的时空位置）在，当
venice,n, 威尼斯（意大利港市）
as,adv, 如同，像……一样
we,pron, 我们（主格）；笔者，本人（作者或演讲人使用）；朕，寡人
our,pron, 我们的
coffee,n, 咖啡；咖啡豆；咖啡色
man,n, 人；男人；人类；丈夫；雇工
called,adj, 被呼叫的
the,art, 这；那
waiter,n, 服务员，侍者
and,conj, 和，与；就；而且；但是；然后
placed,v, 放置（place的过去分词形式）
his,pron, 他的
order,n, 命令；顺序；规则；【贸易】订单
two,n, 两个
cups,n, 杯子（cup的复数形式）；拨火罐（器具）
of,prep, 属于；……的；……的一部分；住在（某地）；关于；由……组成的；因为；（表示人或事的时空位置）在，当
coffee,n, 咖啡；咖啡豆；咖啡色
one,num, 一；一个；一岁；一点钟
on,prep, 在……之上；向，朝；关于；在……时候；由……支撑；（身上）带着；一……就；吃，喝；接近；根据；挣……钱；以……支付；以……为燃料；在……中；作为……成员；借助（仪器或器械）；与……相比；增加；靠……服用药物；（由电台或电视）播放；忙碌于
the,art, 这；那
wall,n, 墙壁，围墙；似墙之物
we,pron, 我们（主格）；笔者，本人（作者或演讲人使用）；朕，寡人
got,v, 得到，明白（get的过去式和过去分词）
interested,adj, 感兴趣的；有权益的；有成见的
and,conj, 和，与；就；而且；但是；然后
observed,adj, 观察的；观测的
that,det, 那，那个；那种
he,pron, 他；（泛指的）人；上帝
served,v, 服务（serve的过去分词）；服役；招待；发球
with,prep, 和……在一起；具有；用；反对；关于；包括；由于；随着；顺着；受雇于；虽然；支持；穿着；受……影响；表示与某物分离；由……负责
one,num, 一；一个；一岁；一点钟
cup,n, 杯子；奖杯；酒杯
of,prep, 属于；……的；……的一部分；住在（某地）；关于；由……组成的；因为；（表示人或事的时空位置）在，当
coffee,n, 咖啡；咖啡豆；咖啡色
but,conj, 但是；而是；然而
he,pron, 他；（泛指的）人；上帝
paid,v, 支付；付清（pay 的过去式和过去分词）
for,prep, （表示对象、用途等）给，对；为了； 关于；代表；受雇于；意思是；支持；因为；为得到；换取；就……而言；……后（更好、更快乐等）；（表示去向）往；（安排或预定）在……时；对（某人）来说（困难、必需、愉快等）；以……为价格；（表示一段时间）计；表示一系列事件之一
two,n, 两个
as,adv, 如同，像……一样
soon,adv, 快；不久，一会儿；立刻；宁愿
as,adv, 如同，像……一样
he,pron, 他；（泛指的）人；上帝
left,adj, 左边的；左派的；剩下的
the,art, 这；那
waiter,n, 服务员，侍者
attached,adj, 附加的；依恋的，充满爱心的
piece,n, 块；件；篇；硬币
of,prep, 属于；……的；……的一部分；住在（某地）；关于；由……组成的；因为；（表示人或事的时空位置）在，当
paper,n, 纸；论文；文件；报纸
to,prep, 朝；位于……；到某处；到某状态；差；给；对于；比；连着；对着；等于；向……表示敬意；伴随；为了给……；适合；按……的看法；（结算账目时）记入
the,art, 这；那
wall,n, 墙壁，围墙；似墙之物
saying,n, 谚语，格言，警句；（尤指政治或宗教名人）格言集；言论，话
cup,n, 杯子；奖杯；酒杯
of,prep, 属于；……的；……的一部分；住在（某地）；关于；由……组成的；因为；（表示人或事的时空位置）在，当
coffee,n, 咖啡；咖啡豆；咖啡色
similar,adj, 相似的
occasions,n, 场合；机会（occasion的复数）；理由
took,v, 拿；取；接受（take的过去式）
place,n, 地方；住所；座位
twice,adv, 两次；两倍
while,conj, 在……期间；在……的过程中；与……同时；（对比两件事物）……而；虽然，尽管；直到……为止
we,pron, 我们（主格）；笔者，本人（作者或演讲人使用）；朕，寡人
were,v, 是，在（are的过去式）
there,adv, 在那里；在那边；在那点上
it,pron, [指无生命的东西、动物、植物]它；这；那
seemed,v, 似乎（seem的过去式）；装作
that,det, 那，那个；那种
this,pron, 这，这个；这样；今，本；……的这个；有个
gesture,n, 姿态；手势
quite,adv, 很；相当；完全
normal,adj, 正常的；正规的；标准的
at,prep, 在（表示存在或出现的地点、场所、位置、空间）；在……岁时；在……远；以（某种价格、速度等）；向，朝；处于……状态；处于最佳（或最差等）状态；达；因为；在……方面；响应；忙于；（武器）瞄准；用，以；（抓）住；从事于；冲 (某人……)
this,pron, 这，这个；这样；今，本；……的这个；有个
place,n, 地方；住所；座位
however,adv, 无论如何；不管怎样（接副词或形容词）；然而；可是
it,pron, [指无生命的东西、动物、植物]它；这；那
something,pron, 某事；某物；想来重要（或值得注意）的事物；（数目）若干，大致，左右； 有点像；真不错；(想法或建议)）有道理；诸如此类的东西
unique,adj, 独特的，稀罕的；[数] 唯一的，独一无二的
and,conj, 和，与；就；而且；但是；然后
confusing,adj, 混乱的；混淆的；令人困惑的
for,prep, （表示对象、用途等）给，对；为了； 关于；代表；受雇于；意思是；支持；因为；为得到；换取；就……而言；……后（更好、更快乐等）；（表示去向）往；（安排或预定）在……时；对（某人）来说（困难、必需、愉快等）；以……为价格；（表示一段时间）计；表示一系列事件之一
us,pron, 我们
after,prep, 在……之后；在……身后；反复；跟随；追求；以……命名
few,adj, 很少的；几乎没有的
days,adv, 每天；在白天
when,adv, 什么时候；什么情况下；什么场合下；（用于时间的表达方式之后）在那时，其时；当时，当场
we,pron, 我们（主格）；笔者，本人（作者或演讲人使用）；朕，寡人
again,adv, 又，此外；再一次；再说；增加
coffee,n, 咖啡；咖啡豆；咖啡色
there,adv, 在那里；在那边；在那点上
man,n, 人；男人；人类；丈夫；雇工
entered,adj, 进入的
the,art, 这；那
way,n, 方法；道路；方向；行业；习惯
this,pron, 这，这个；这样；今，本；……的这个；有个
man,n, 人；男人；人类；丈夫；雇工
dressed,adj, 穿好衣服的；穿着……衣服的；打扮好的；去内脏及分割加工好的（特指动物，如鱼，禽类等）
did,v, 做（do的过去式）
not,adv, 表示否定，不
match,n, 火柴；比赛，竞赛；对手；相配的人（或物）；（计算机）匹配；配合；搭配；相似的东西；婚姻；配偶
the,art, 这；那
standard,n, 标准；水准；旗；度量衡标准
or,conj, 或，或者；还是；要不然
the,art, 这；那
atmosphere,n, 气氛；大气；空气
of,prep, 属于；……的；……的一部分；住在（某地）；关于；由……组成的；因为；（表示人或事的时空位置）在，当
this,pron, 这，这个；这样；今，本；……的这个；有个
coffee,n, 咖啡；咖啡豆；咖啡色
shop,n, 商店；店铺
poverty,n, 贫困；困难；缺少；低劣
evident,adj, 明显的；明白的
from,prep, 从……起；从……开始；寄自，得自；来自；由……（制成）；（两地的距离）离；从；从……（到）；（使）免遭；由于；根据；与……（不同）；防；不在；从……来看；妨碍
his,pron, 他的
looks,n, 相貌
as,adv, 如同，像……一样
he,pron, 他；（泛指的）人；上帝
seated,adj, 就座的，坐下来的
himself,pron, 他自己；他亲自，他本人
he,pron, 他；（泛指的）人；上帝
looked,v, 看，瞧( look的过去式和过去分词 )；注意；面向；寻找
at,prep, 在（表示存在或出现的地点、场所、位置、空间）；在……岁时；在……远；以（某种价格、速度等）；向，朝；处于……状态；处于最佳（或最差等）状态；达；因为；在……方面；响应；忙于；（武器）瞄准；用，以；（抓）住；从事于；冲 (某人……)
the,art, 这；那
wall,n, 墙壁，围墙；似墙之物
and,conj, 和，与；就；而且；但是；然后
said,adj, 上述的
one,num, 一；一个；一岁；一点钟
cup,n, 杯子；奖杯；酒杯
of,prep, 属于；……的；……的一部分；住在（某地）；关于；由……组成的；因为；（表示人或事的时空位置）在，当
coffee,n, 咖啡；咖啡豆；咖啡色
from,prep, 从……起；从……开始；寄自，得自；来自；由……（制成）；（两地的距离）离；从；从……（到）；（使）免遭；由于；根据；与……（不同）；防；不在；从……来看；妨碍
the,art, 这；那
wall,n, 墙壁，围墙；似墙之物
the,art, 这；那
waiter,n, 服务员，侍者
served,v, 服务（serve的过去分词）；服役；招待；发球
coffee,n, 咖啡；咖啡豆；咖啡色
to,prep, 朝；位于……；到某处；到某状态；差；给；对于；比；连着；对着；等于；向……表示敬意；伴随；为了给……；适合；按……的看法；（结算账目时）记入
this,pron, 这，这个；这样；今，本；……的这个；有个
man,n, 人；男人；人类；丈夫；雇工
with,prep, 和……在一起；具有；用；反对；关于；包括；由于；随着；顺着；受雇于；虽然；支持；穿着；受……影响；表示与某物分离；由……负责
respect,n, 尊敬，尊重；方面；敬意
and,conj, 和，与；就；而且；但是；然后
dignity,n, 尊严；高贵
the,art, 这；那
man,n, 人；男人；人类；丈夫；雇工
had,v, 有；吃；得到（动词have的过去式和过去分词）
his,pron, 他的
coffee,n, 咖啡；咖啡豆；咖啡色
and,conj, 和，与；就；而且；但是；然后
left,adj, 左边的；左派的；剩下的
without,prep, 没有；不和……在一起；不带；在……外部
paying,v, 支付；（某种做法）有好处（pay 的现在分词）
we,pron, 我们（主格）；笔者，本人（作者或演讲人使用）；朕，寡人
were,v, 是，在（are的过去式）
amazed,v, （使）大为惊奇，惊愕；（使）糊涂（amaze 的过去式及过去分词）
to,prep, 朝；位于……；到某处；到某状态；差；给；对于；比；连着；对着；等于；向……表示敬意；伴随；为了给……；适合；按……的看法；（结算账目时）记入
watch,vt, 观察；注视；看守；警戒
all,det, 所有；全部；（与单数名词连用，表示某事在某段时间内持续发生）全部的；极度；唯一；任何
this,pron, 这，这个；这样；今，本；……的这个；有个
when,adv, 什么时候；什么情况下；什么场合下；（用于时间的表达方式之后）在那时，其时；当时，当场
the,art, 这；那
waiter,n, 服务员，侍者
took,v, 拿；取；接受（take的过去式）
off,adv, 离开；脱掉；出发，起跑；结束，取消；（电）未连接；没有；下班；减价；在剧院舞台的后面
piece,n, 块；件；篇；硬币
of,prep, 属于；……的；……的一部分；住在（某地）；关于；由……组成的；因为；（表示人或事的时空位置）在，当
paper,n, 纸；论文；文件；报纸
from,prep, 从……起；从……开始；寄自，得自；来自；由……（制成）；（两地的距离）离；从；从……（到）；（使）免遭；由于；根据；与……（不同）；防；不在；从……来看；妨碍
the,art, 这；那
wall,n, 墙壁，围墙；似墙之物
and,conj, 和，与；就；而且；但是；然后
threw,v, 抛（throw的过去式）；丢弃
it,pron, [指无生命的东西、动物、植物]它；这；那
in,prep, 在……内；进……里；在……期间；在……以后；穿着；在……状态中；在……方面；包含在……中；从事……；用……语言，以……媒介；以……调；在（活动）过程中；在……岁数；当……时；（引出具某种品质的人的名字）；占……；在……之中（用于较大和较小数字之间）；以……的数量；带……颜色的；以……方式；具有……特性；按照（表示方式）
the,art, 这；那
dustbin,n, 垃圾箱
now,adv, 现在；如今；立刻
it,pron, [指无生命的东西、动物、植物]它；这；那
no,adv, 不，完全不
surprise,n, 惊奇，诧异；突然袭击
for,prep, （表示对象、用途等）给，对；为了； 关于；代表；受雇于；意思是；支持；因为；为得到；换取；就……而言；……后（更好、更快乐等）；（表示去向）往；（安排或预定）在……时；对（某人）来说（困难、必需、愉快等）；以……为价格；（表示一段时间）计；表示一系列事件之一
us,pron, 我们
the,art, 这；那
matter,n, 物质；事件
very,adv, 非常，很；完全；（非正式）典型地；最
clear,adj, 清楚的；清澈的；晴朗的；无罪的
the,art, 这；那
great,adj, 伟大的，重大的；极好的，好的；主要的
respect,n, 尊敬，尊重；方面；敬意
for,prep, （表示对象、用途等）给，对；为了； 关于；代表；受雇于；意思是；支持；因为；为得到；换取；就……而言；……后（更好、更快乐等）；（表示去向）往；（安排或预定）在……时；对（某人）来说（困难、必需、愉快等）；以……为价格；（表示一段时间）计；表示一系列事件之一
the,art, 这；那
needy,adj, 贫困的；贫穷的；生活艰苦的
shown,v, 解释（show的过去分词）；给予；表露
by,prep, 由，被；通过；相差……；到……之前；在……旁边
people,n, 人；人类；民族；公民
in,prep, 在……内；进……里；在……期间；在……以后；穿着；在……状态中；在……方面；包含在……中；从事……；用……语言，以……媒介；以……调；在（活动）过程中；在……岁数；当……时；（引出具某种品质的人的名字）；占……；在……之中（用于较大和较小数字之间）；以……的数量；带……颜色的；以……方式；具有……特性；按照（表示方式）
this,pron, 这，这个；这样；今，本；……的这个；有个
town,n, 城镇，市镇；市内商业区
moved,v, 移动，移动到；感动（move的过去式，过去分词）
us,pron, 我们
to,prep, 朝；位于……；到某处；到某状态；差；给；对于；比；连着；对着；等于；向……表示敬意；伴随；为了给……；适合；按……的看法；（结算账目时）记入
tears,n, 眼泪；泪水（tear复数形式）
coffee,n, 咖啡；咖啡豆；咖啡色
is,v, 是（be的三单形式）
not,adv, 表示否定，不
necessity,n, 需要；必然性；必需品
however,adv, 无论如何；不管怎样（接副词或形容词）；然而；可是
the,art, 这；那
point,n, 要点；得分；标点；[机] 尖端
is,v, 是（be的三单形式）
that,det, 那，那个；那种
when,adv, 什么时候；什么情况下；什么场合下；（用于时间的表达方式之后）在那时，其时；当时，当场
we,pron, 我们（主格）；笔者，本人（作者或演讲人使用）；朕，寡人
take,vt, 拿，取；采取；接受（礼物等）；买，花费；耗费（时间等）
pleasure,n, 快乐；希望；娱乐；令人高兴的事
in,prep, 在……内；进……里；在……期间；在……以后；穿着；在……状态中；在……方面；包含在……中；从事……；用……语言，以……媒介；以……调；在（活动）过程中；在……岁数；当……时；（引出具某种品质的人的名字）；占……；在……之中（用于较大和较小数字之间）；以……的数量；带……颜色的；以……方式；具有……特性；按照（表示方式）
any,det, 任何的；任一；一点，些许；尽可能多的
blessing,n, 祝福；赐福；祷告
maybe,adv, 也许；可能；大概
we,pron, 我们（主格）；笔者，本人（作者或演讲人使用）；朕，寡人
also,adv, 也；而且；同样
need,v, 必须，需要；（表示应该或不得不做）有必要
to,prep, 朝；位于……；到某处；到某状态；差；给；对于；比；连着；对着；等于；向……表示敬意；伴随；为了给……；适合；按……的看法；（结算账目时）记入
think,vt, 想；认为；想起；想像；打算
about,adv, 大约；将近；到处；（特定位置）四下；闲着；周围；掉头
those,det, 那些（that 的复数）
people,n, 人；人类；民族；公民
who,pron, 谁；什么人
also,adv, 也；而且；同样
appreciate,vt, 欣赏；感激；领会；鉴别
that,det, 那，那个；那种
specific,adj, 特殊的，特定的；明确的；详细的；[药] 具有特效的
blessing,n, 祝福；赐福；祷告
but,conj, 但是；而是；然而
cannot,v, 不能；无法
afford,vt, 买得起；给予，提供
note,n, 笔记；音符；票据；注解；纸币；便笺；照会；调子
the,art, 这；那
waiter,n, 服务员，侍者
who,pron, 谁；什么人
gets,v, 得到（get的第三人称单数）；抓住；说服；受到（惩罚等）
the,art, 这；那
communication,n, 通讯，[通信] 通信；交流；信函
going,n, 离开，离去；（尤指赛马场的）地面状况；进展速度；难度；（受路况影响的）行进
between,prep, （空间、时间、数量等）在……之间；往返于；（表关系）两……之间；合用；一起
the,art, 这；那
affording,vt, 给予，提供；买得起
and,conj, 和，与；就；而且；但是；然后
the,art, 这；那
needy,adj, 贫困的；贫穷的；生活艰苦的
with,prep, 和……在一起；具有；用；反对；关于；包括；由于；随着；顺着；受雇于；虽然；支持；穿着；受……影响；表示与某物分离；由……负责
smile,v, 微笑；微笑着表示；露出（某种笑容）
on,prep, 在……之上；向，朝；关于；在……时候；由……支撑；（身上）带着；一……就；吃，喝；接近；根据；挣……钱；以……支付；以……为燃料；在……中；作为……成员；借助（仪器或器械）；与……相比；增加；靠……服用药物；（由电台或电视）播放；忙碌于
his,pron, 他的
face,n, 脸；表面；面子；面容；外观；威信
think,vt, 想；认为；想起；想像；打算
about,adv, 大约；将近；到处；（特定位置）四下；闲着；周围；掉头
the,art, 这；那
man,n, 人；男人；人类；丈夫；雇工
in,prep, 在……内；进……里；在……期间；在……以后；穿着；在……状态中；在……方面；包含在……中；从事……；用……语言，以……媒介；以……调；在（活动）过程中；在……岁数；当……时；（引出具某种品质的人的名字）；占……；在……之中（用于较大和较小数字之间）；以……的数量；带……颜色的；以……方式；具有……特性；按照（表示方式）
need,v, 必须，需要；（表示应该或不得不做）有必要
he,pron, 他；（泛指的）人；上帝
the,art, 这；那
coffee,n, 咖啡；咖啡豆；咖啡色
shop,n, 商店；店铺
without,prep, 没有；不和……在一起；不带；在……外部
having,v, 有，拥有（have 的现在分词）
to,prep, 朝；位于……；到某处；到某状态；差；给；对于；比；连着；对着；等于；向……表示敬意；伴随；为了给……；适合；按……的看法；（结算账目时）记入
lower,adj, 下方的；在底部的；（数字或数量）较小的；下游的；下级的；下等的
his,pron, 他的
self,n, 自己，自我；本质；私心
dignity,n, 尊严；高贵
he,pron, 他；（泛指的）人；上帝
has,v, 有，吃，得到，从事，允许，雇用，享有（have的第三人称单数）；（亲属关系中）接受；拿；买到
free,adj, 免费的；自由的，不受约束的；[化学] 游离的
cup,n, 杯子；奖杯；酒杯
of,prep, 属于；……的；……的一部分；住在（某地）；关于；由……组成的；因为；（表示人或事的时空位置）在，当
coffee,n, 咖啡；咖啡豆；咖啡色
without,prep, 没有；不和……在一起；不带；在……外部
asking,v, 询问；请求；要求；要价；指望（从某人那里）得到；邀请（ask 的现在分词）
or,conj, 或，或者；还是；要不然
knowing,adj, 会意的；（尤指过分或过早地）世故的；明知的，故意的；认知的
about,adv, 大约；将近；到处；（特定位置）四下；闲着；周围；掉头
who,pron, 谁；什么人
has,v, 有，吃，得到，从事，允许，雇用，享有（have的第三人称单数）；（亲属关系中）接受；拿；买到
given,adj, 赠予的；沉溺的；规定的
this,pron, 这，这个；这样；今，本；……的这个；有个
cup,n, 杯子；奖杯；酒杯
of,prep, 属于；……的；……的一部分；住在（某地）；关于；由……组成的；因为；（表示人或事的时空位置）在，当
coffee,n, 咖啡；咖啡豆；咖啡色
to,prep, 朝；位于……；到某处；到某状态；差；给；对于；比；连着；对着；等于；向……表示敬意；伴随；为了给……；适合；按……的看法；（结算账目时）记入
him,pron, 他（宾格）
he,pron, 他；（泛指的）人；上帝
only,adv, 只，仅仅；不料
looked,v, 看，瞧( look的过去式和过去分词 )；注意；面向；寻找
at,prep, 在（表示存在或出现的地点、场所、位置、空间）；在……岁时；在……远；以（某种价格、速度等）；向，朝；处于……状态；处于最佳（或最差等）状态；达；因为；在……方面；响应；忙于；（武器）瞄准；用，以；（抓）住；从事于；冲 (某人……)
the,art, 这；那
wall,n, 墙壁，围墙；似墙之物
placed,v, 放置（place的过去分词形式）
an,art, 一（在元音音素前）
order,n, 命令；顺序；规则；【贸易】订单
for,prep, （表示对象、用途等）给，对；为了； 关于；代表；受雇于；意思是；支持；因为；为得到；换取；就……而言；……后（更好、更快乐等）；（表示去向）往；（安排或预定）在……时；对（某人）来说（困难、必需、愉快等）；以……为价格；（表示一段时间）计；表示一系列事件之一
himself,pron, 他自己；他亲自，他本人
his,pron, 他的
coffee,n, 咖啡；咖啡豆；咖啡色
and,conj, 和，与；就；而且；但是；然后
left,adj, 左边的；左派的；剩下的
besides,prep, 除……之外（还）
we,pron, 我们（主格）；笔者，本人（作者或演讲人使用）；朕，寡人
need,v, 必须，需要；（表示应该或不得不做）有必要
to,prep, 朝；位于……；到某处；到某状态；差；给；对于；比；连着；对着；等于；向……表示敬意；伴随；为了给……；适合；按……的看法；（结算账目时）记入
remember,vt, 记得；牢记；纪念；代…问好
the,art, 这；那
role,n, 角色；任务
played,v, 演奏；播放；玩耍；参加竞赛（play的过去分词）
by,prep, 由，被；通过；相差……；到……之前；在……旁边
the,art, 这；那
wall,n, 墙壁，围墙；似墙之物
that,det, 那，那个；那种
the,art, 这；那
generosity,n, 慷慨，大方；宽宏大量
and,conj, 和，与；就；而且；但是；然后
care,n, 关怀；照料；谨慎；忧虑
of,prep, 属于；……的；……的一部分；住在（某地）；关于；由……组成的；因为；（表示人或事的时空位置）在，当
people,n, 人；人类；民族；公民
in,prep, 在……内；进……里；在……期间；在……以后；穿着；在……状态中；在……方面；包含在……中；从事……；用……语言，以……媒介；以……调；在（活动）过程中；在……岁数；当……时；（引出具某种品质的人的名字）；占……；在……之中（用于较大和较小数字之间）；以……的数量；带……颜色的；以……方式；具有……特性；按照（表示方式）
this,pron, 这，这个；这样；今，本；……的这个；有个
town,n, 城镇，市镇；市内商业区
what,pron, 什么；多么；多少
made,adj, ……制造的，生产的；制作……的
the,art, 这；那
author,n, 作者；作家；创始人
interested,adj, 感兴趣的；有权益的；有成见的
as,adv, 如同，像……一样
well,adv, 很好地；充分地；满意地；适当地
as,adv, 如同，像……一样
confused,adj, 困惑的；混乱的；糊涂的
the,art, 这；那
waiter,n, 服务员，侍者
making,n, 发展；制造；形成
normal,adj, 正常的；正规的；标准的
gestures,n, 手势，姿态（gesture的复数形式）
customers,n, 客户；[贸易] 顾客（customer的复数）
buying,n, 买进
coffee,n, 咖啡；咖啡豆；咖啡色
for,prep, （表示对象、用途等）给，对；为了； 关于；代表；受雇于；意思是；支持；因为；为得到；换取；就……而言；……后（更好、更快乐等）；（表示去向）往；（安排或预定）在……时；对（某人）来说（困难、必需、愉快等）；以……为价格；（表示一段时间）计；表示一系列事件之一
the,art, 这；那
needy,adj, 贫困的；贫穷的；生活艰苦的
the,art, 这；那
waiter,n, 服务员，侍者
attaching,adj, 附属的
coffee,n, 咖啡；咖啡豆；咖啡色
orders,abbr, 圣职 (holy orders)
on,prep, 在……之上；向，朝；关于；在……时候；由……支撑；（身上）带着；一……就；吃，喝；接近；根据；挣……钱；以……支付；以……为燃料；在……中；作为……成员；借助（仪器或器械）；与……相比；增加；靠……服用药物；（由电台或电视）播放；忙碌于
the,art, 这；那
wall,n, 墙壁，围墙；似墙之物
customers,n, 客户；[贸易] 顾客（customer的复数）
paying,v, 支付；（某种做法）有好处（pay 的现在分词）
for,prep, （表示对象、用途等）给，对；为了； 关于；代表；受雇于；意思是；支持；因为；为得到；换取；就……而言；……后（更好、更快乐等）；（表示去向）往；（安排或预定）在……时；对（某人）来说（困难、必需、愉快等）；以……为价格；（表示一段时间）计；表示一系列事件之一
coffee,n, 咖啡；咖啡豆；咖啡色
and,conj, 和，与；就；而且；但是；然后
having,v, 有，拥有（have 的现在分词）
it,pron, [指无生命的东西、动物、植物]它；这；那
put,vt, 放；表达；移动；安置；赋予
on,prep, 在……之上；向，朝；关于；在……时候；由……支撑；（身上）带着；一……就；吃，喝；接近；根据；挣……钱；以……支付；以……为燃料；在……中；作为……成员；借助（仪器或器械）；与……相比；增加；靠……服用药物；（由电台或电视）播放；忙碌于
the,art, 这；那
wall,n, 墙壁，围墙；似墙之物
the,art, 这；那
author,n, 作者；作家；创始人
thought,n, 思想；思考；想法；关心
the,art, 这；那
man,n, 人；男人；人类；丈夫；雇工
in,prep, 在……内；进……里；在……期间；在……以后；穿着；在……状态中；在……方面；包含在……中；从事……；用……语言，以……媒介；以……调；在（活动）过程中；在……岁数；当……时；（引出具某种品质的人的名字）；占……；在……之中（用于较大和较小数字之间）；以……的数量；带……颜色的；以……方式；具有……特性；按照（表示方式）
need,v, 必须，需要；（表示应该或不得不做）有必要
obviously,adv, 明显地
poor,adj, 贫穷的；可怜的；贫乏的；卑鄙的
not,adv, 表示否定，不
properly,adv, 适当地；正确地；恰当地
dressed,adj, 穿好衣服的；穿着……衣服的；打扮好的；去内脏及分割加工好的（特指动物，如鱼，禽类等）
not,adv, 表示否定，不
right,adj, 正确的；直接的；右方的
to,prep, 朝；位于……；到某处；到某状态；差；给；对于；比；连着；对着；等于；向……表示敬意；伴随；为了给……；适合；按……的看法；（结算账目时）记入
leave,vt, 离开；留下；遗忘；委托
without,prep, 没有；不和……在一起；不带；在……外部
paying,v, 支付；（某种做法）有好处（pay 的现在分词）
strange,adj, 奇怪的；陌生的；外行的
to,prep, 朝；位于……；到某处；到某状态；差；给；对于；比；连着；对着；等于；向……表示敬意；伴随；为了给……；适合；按……的看法；（结算账目时）记入
order,n, 命令；顺序；规则；【贸易】订单
coffee,n, 咖啡；咖啡豆；咖啡色
from,prep, 从……起；从……开始；寄自，得自；来自；由……（制成）；（两地的距离）离；从；从……（到）；（使）免遭；由于；根据；与……（不同）；防；不在；从……来看；妨碍
the,art, 这；那
wall,n, 墙壁，围墙；似墙之物
in,prep, 在……内；进……里；在……期间；在……以后；穿着；在……状态中；在……方面；包含在……中；从事……；用……语言，以……媒介；以……调；在（活动）过程中；在……岁数；当……时；（引出具某种品质的人的名字）；占……；在……之中（用于较大和较小数字之间）；以……的数量；带……颜色的；以……方式；具有……特性；按照（表示方式）
the,art, 这；那
author,n, 作者；作家；创始人
opinion,n, 意见；主张
coffee,n, 咖啡；咖啡豆；咖啡色
is,v, 是（be的三单形式）
necessary,adj, 必要的；必需的；必然的
in,prep, 在……内；进……里；在……期间；在……以后；穿着；在……状态中；在……方面；包含在……中；从事……；用……语言，以……媒介；以……调；在（活动）过程中；在……岁数；当……时；（引出具某种品质的人的名字）；占……；在……之中（用于较大和较小数字之间）；以……的数量；带……颜色的；以……方式；具有……特性；按照（表示方式）
our,pron, 我们的
life,n, 生活，生存；寿命
blessing,n, 祝福；赐福；祷告
some,det, 一些；某些；好些；少量；某个；算不上；大约；至少有一点
can,aux, 能；能够；有机会；可能；被允许
afford,vt, 买得起；给予，提供
respect,n, 尊敬，尊重；方面；敬意
shown,v, 解释（show的过去分词）；给予；表露
for,prep, （表示对象、用途等）给，对；为了； 关于；代表；受雇于；意思是；支持；因为；为得到；换取；就……而言；……后（更好、更快乐等）；（表示去向）往；（安排或预定）在……时；对（某人）来说（困难、必需、愉快等）；以……为价格；（表示一段时间）计；表示一系列事件之一
the,art, 这；那
needy,adj, 贫困的；贫穷的；生活艰苦的
blessing,n, 祝福；赐福；祷告
everyone,pron, 每个人；人人
should,aux, 应该；就；可能；将要；本当；竟然
have,vt, 有；让；拿；从事；允许
the,art, 这；那
passage,n, 一段（文章）；走廊；通路；通过；旅程，行程；船费
is,v, 是（be的三单形式）
mainly,adv, 主要地，大体上
concerned,adj, 有关的；关心的
about,adv, 大约；将近；到处；（特定位置）四下；闲着；周围；掉头
learning,n, 学习；学问
from,prep, 从……起；从……开始；寄自，得自；来自；由……（制成）；（两地的距离）离；从；从……（到）；（使）免遭；由于；根据；与……（不同）；防；不在；从……来看；妨碍
the,art, 这；那
waiter,n, 服务员，侍者
buying,n, 买进
coffee,n, 咖啡；咖啡豆；咖啡色
for,prep, （表示对象、用途等）给，对；为了； 关于；代表；受雇于；意思是；支持；因为；为得到；换取；就……而言；……后（更好、更快乐等）；（表示去向）往；（安排或预定）在……时；对（某人）来说（困难、必需、愉快等）；以……为价格；（表示一段时间）计；表示一系列事件之一
others,pron, 其他人
caring,adj, 关心他人的；乐于助人的；体贴的；护理的；有同情心的
more,adv, 更多；此外；更大程度地
about,adv, 大约；将近；到处；（特定位置）四下；闲着；周围；掉头
the,art, 这；那
people,n, 人；人类；民族；公民
in,prep, 在……内；进……里；在……期间；在……以后；穿着；在……状态中；在……方面；包含在……中；从事……；用……语言，以……媒介；以……调；在（活动）过程中；在……岁数；当……时；（引出具某种品质的人的名字）；占……；在……之中（用于较大和较小数字之间）；以……的数量；带……颜色的；以……方式；具有……特性；按照（表示方式）
need,v, 必须，需要；（表示应该或不得不做）有必要
analyzing,v, 分析，解析（analyze 的现在分词）
the,art, 这；那
characters,n, 特性；人物角色（character复数）
in,prep, 在……内；进……里；在……期间；在……以后；穿着；在……状态中；在……方面；包含在……中；从事……；用……语言，以……媒介；以……调；在（活动）过程中；在……岁数；当……时；（引出具某种品质的人的名字）；占……；在……之中（用于较大和较小数字之间）；以……的数量；带……颜色的；以……方式；具有……特性；按照（表示方式）
the,art, 这；那
coffee,n, 咖啡；咖啡豆；咖啡色
shop,n, 商店；店铺
most,adv, 最；非常，极其；最多；几乎
teenagers,n, 青少年（13至19岁，teenager的复数）
in,prep, 在……内；进……里；在……期间；在……以后；穿着；在……状态中；在……方面；包含在……中；从事……；用……语言，以……媒介；以……调；在（活动）过程中；在……岁数；当……时；（引出具某种品质的人的名字）；占……；在……之中（用于较大和较小数字之间）；以……的数量；带……颜色的；以……方式；具有……特性；按照（表示方式）
britain,n, 英国；不列颠
receive,vt, 收到；接待；接纳
pocket,n, 口袋；钱；容器
money,n, 钱；货币；财富
from,prep, 从……起；从……开始；寄自，得自；来自；由……（制成）；（两地的距离）离；从；从……（到）；（使）免遭；由于；根据；与……（不同）；防；不在；从……来看；妨碍
their,pron, 他们的，她们的；它们的
parents,n, 父母；双亲（parent的复数）
report,n, 报告；报道；成绩单
by,prep, 由，被；通过；相差……；到……之前；在……旁边
the,art, 这；那
bank,n, 银行；岸；浅滩；储库
of,prep, 属于；……的；……的一部分；住在（某地）；关于；由……组成的；因为；（表示人或事的时空位置）在，当
scotland,n, 苏格兰
interviewed,v, 面试；接见；会见（interview的过去式）
over,adv, 倒下；翻转；穿过；完全覆盖；以上；大于；再；结束；改变；完毕；仔细地
young,adj, 年轻的；初期的；没有经验的
people,n, 人；人类；民族；公民
in,prep, 在……内；进……里；在……期间；在……以后；穿着；在……状态中；在……方面；包含在……中；从事……；用……语言，以……媒介；以……调；在（活动）过程中；在……岁数；当……时；（引出具某种品质的人的名字）；占……；在……之中（用于较大和较小数字之间）；以……的数量；带……颜色的；以……方式；具有……特性；按照（表示方式）
britain,n, 英国；不列颠
and,conj, 和，与；就；而且；但是；然后
found,vt, 创立，建立；创办
that,det, 那，那个；那种
get,vt, 使得；获得；受到；变成
pocket,n, 口袋；钱；容器
money,n, 钱；货币；财富
different,adj, 不同的；个别的，与众不同的
families,n, 家庭（family的复数）；家族
give,vt, 给；产生；让步；举办；授予
different,adj, 不同的；个别的，与众不同的
amounts,n, 数量，总额（amount的复数）
of,prep, 属于；……的；……的一部分；住在（某地）；关于；由……组成的；因为；（表示人或事的时空位置）在，当
pocket,n, 口袋；钱；容器
money,n, 钱；货币；财富
the,art, 这；那
average,n, 平均；平均数；（海损的）平均分担；平均水平；（按保单规定应付赔偿额的）降减
for,prep, （表示对象、用途等）给，对；为了； 关于；代表；受雇于；意思是；支持；因为；为得到；换取；就……而言；……后（更好、更快乐等）；（表示去向）往；（安排或预定）在……时；对（某人）来说（困难、必需、愉快等）；以……为价格；（表示一段时间）计；表示一系列事件之一
eight,num, 八；八个；第八；八岁；八点
to,prep, 朝；位于……；到某处；到某状态；差；给；对于；比；连着；对着；等于；向……表示敬意；伴随；为了给……；适合；按……的看法；（结算账目时）记入
fifteen,n, 十五；十五个；十五人组成的橄榄球队
year,n, 年；年度；历年；年纪；一年的期间；某年级的学生
olds,n, 老者（old的复数形式）
in,prep, 在……内；进……里；在……期间；在……以后；穿着；在……状态中；在……方面；包含在……中；从事……；用……语言，以……媒介；以……调；在（活动）过程中；在……岁数；当……时；（引出具某种品质的人的名字）；占……；在……之中（用于较大和较小数字之间）；以……的数量；带……颜色的；以……方式；具有……特性；按照（表示方式）
the,art, 这；那
uk,abbr, 联合王国（United Kingdom）
is,v, 是（be的三单形式）
about,adv, 大约；将近；到处；（特定位置）四下；闲着；周围；掉头
week,n, 周，星期
children,n, 孩子们（child的复数）
in,prep, 在……内；进……里；在……期间；在……以后；穿着；在……状态中；在……方面；包含在……中；从事……；用……语言，以……媒介；以……调；在（活动）过程中；在……岁数；当……时；（引出具某种品质的人的名字）；占……；在……之中（用于较大和较小数字之间）；以……的数量；带……颜色的；以……方式；具有……特性；按照（表示方式）
scotland,n, 苏格兰
receive,vt, 收到；接待；接纳
slightly,adv, 些微地，轻微地；纤细地，瘦小的
more,adv, 更多；此外；更大程度地
than,conj, （用以引出比较的第二部分）比；（比较数量、距离等）多于；（表示一事紧跟另一事发生）就；除……（外）
the,art, 这；那
national,adj, 国家的；国民的；民族的；国立的
average,n, 平均；平均数；（海损的）平均分担；平均水平；（按保单规定应付赔偿额的）降减
and,conj, 和，与；就；而且；但是；然后
get,vt, 使得；获得；受到；变成
the,art, 这；那
most,adv, 最；非常，极其；最多；几乎
teenagers,n, 青少年（13至19岁，teenager的复数）
logically,adv, 逻辑上；合乎逻辑
get,vt, 使得；获得；受到；变成
more,adv, 更多；此外；更大程度地
money,n, 钱；货币；财富
than,conj, （用以引出比较的第二部分）比；（比较数量、距离等）多于；（表示一事紧跟另一事发生）就；除……（外）
younger,adj, 更年轻的，年纪更小的；更未成熟的，更没经验的；更年轻人似的，更朝气的；小……（用于称呼与父母同名的年纪较小者）；平民地主产业的继承人的
children,n, 孩子们（child的复数）
some,det, 一些；某些；好些；少量；某个；算不上；大约；至少有一点
fifteen,n, 十五；十五个；十五人组成的橄榄球队
to,prep, 朝；位于……；到某处；到某状态；差；给；对于；比；连着；对着；等于；向……表示敬意；伴随；为了给……；适合；按……的看法；（结算账目时）记入
nineteen,num, 十九
year,n, 年；年度；历年；年纪；一年的期间；某年级的学生
olds,n, 老者（old的复数形式）
receive,vt, 收到；接待；接纳
more,adv, 更多；此外；更大程度地
than,conj, （用以引出比较的第二部分）比；（比较数量、距离等）多于；（表示一事紧跟另一事发生）就；除……（外）
month,n, 月，一个月的时间
the,art, 这；那
report,n, 报告；报道；成绩单
found,vt, 创立，建立；创办
that,det, 那，那个；那种
many,det, 许多
children,n, 孩子们（child的复数）
save,vt, 节省；保存；储蓄；解救
at,prep, 在（表示存在或出现的地点、场所、位置、空间）；在……岁时；在……远；以（某种价格、速度等）；向，朝；处于……状态；处于最佳（或最差等）状态；达；因为；在……方面；响应；忙于；（武器）瞄准；用，以；（抓）住；从事于；冲 (某人……)
least,adj, 最小的；最少的（little的最高级）
quarter,n, 四分之一；地区；季度；一刻钟；两角五分；节
of,prep, 属于；……的；……的一部分；住在（某地）；关于；由……组成的；因为；（表示人或事的时空位置）在，当
their,pron, 他们的，她们的；它们的
weekly,adj, 每周的；周刊的；一周一次的
pocket,n, 口袋；钱；容器
money,n, 钱；货币；财富
and,conj, 和，与；就；而且；但是；然后
that,det, 那，那个；那种
more,adv, 更多；此外；更大程度地
boys,n, 男孩子们；小伙子们（boy的复数）
than,conj, （用以引出比较的第二部分）比；（比较数量、距离等）多于；（表示一事紧跟另一事发生）就；除……（外）
girls,n, 女孩（girl的复数）
save,vt, 节省；保存；储蓄；解救
their,pron, 他们的，她们的；它们的
money,n, 钱；货币；财富
lots,n, 大量，许多；一堆；命运（lot的复数）
of,prep, 属于；……的；……的一部分；住在（某地）；关于；由……组成的；因为；（表示人或事的时空位置）在，当
young,adj, 年轻的；初期的；没有经验的
people,n, 人；人类；民族；公民
have,vt, 有；让；拿；从事；允许
to,prep, 朝；位于……；到某处；到某状态；差；给；对于；比；连着；对着；等于；向……表示敬意；伴随；为了给……；适合；按……的看法；（结算账目时）记入
do,v, 做，干，办（某事）；行动，表现；顺利进行，进展；从事（工作）；执行（任务）；学习，研究；解答，解决，算出；制作，做出；演出，编排（戏剧等）；仿效，模仿；完成，做好；供给，提供；走过，行过；以……速度行进；达到（一定销售额）；参观，游览，旅行；处理；适合，足够；煮制；欺骗；惩罚；（从某地方）盗窃；护理；（非正式）吸（毒）；（非正式）性交；度过（一段时间）；导致，引起；（非正式）痛打，杀死；生长；整理
housework,n, 家务事
to,prep, 朝；位于……；到某处；到某状态；差；给；对于；比；连着；对着；等于；向……表示敬意；伴随；为了给……；适合；按……的看法；（结算账目时）记入
get,vt, 使得；获得；受到；变成
their,pron, 他们的，她们的；它们的
pocket,n, 口袋；钱；容器
money,n, 钱；货币；财富
they,pron, 他们；它们；她们
help,vt, 帮助；促进；治疗；补救
at,prep, 在（表示存在或出现的地点、场所、位置、空间）；在……岁时；在……远；以（某种价格、速度等）；向，朝；处于……状态；处于最佳（或最差等）状态；达；因为；在……方面；响应；忙于；（武器）瞄准；用，以；（抓）住；从事于；冲 (某人……)
home,n, 家，住宅；产地；家乡；避难所
with,prep, 和……在一起；具有；用；反对；关于；包括；由于；随着；顺着；受雇于；虽然；支持；穿着；受……影响；表示与某物分离；由……负责
jobs,n, 工作（job的复数形式）
like,prep, 像，如同；符合……的方式；有……的特点；（用于询问）……怎么样；例如，好比
cleaning,n, 清洗；清除；去污；大败
and,conj, 和，与；就；而且；但是；然后
cooking,n, 烹饪
part,n, 部分；角色；零件；一些；片段
time,n, 时间；时代；次数；节拍；倍数
job,n, 工作；职业
is,v, 是（be的三单形式）
choice,n, 选择；选择权；精选品
for,prep, （表示对象、用途等）给，对；为了； 关于；代表；受雇于；意思是；支持；因为；为得到；换取；就……而言；……后（更好、更快乐等）；（表示去向）往；（安排或预定）在……时；对（某人）来说（困难、必需、愉快等）；以……为价格；（表示一段时间）计；表示一系列事件之一
teenagers,n, 青少年（13至19岁，teenager的复数）
who,pron, 谁；什么人
don,n, 先生，阁下；指导教师，大学教师；西班牙绅士，西班牙人；（非正式）黑手党头目
have,vt, 有；让；拿；从事；允许
pocket,n, 口袋；钱；容器
money,n, 钱；货币；财富
or,conj, 或，或者；还是；要不然
who,pron, 谁；什么人
want,vt, 需要；希望；应该；缺少
to,prep, 朝；位于……；到某处；到某状态；差；给；对于；比；连着；对着；等于；向……表示敬意；伴随；为了给……；适合；按……的看法；（结算账目时）记入
earn,vt, 赚，赚得；获得，挣得；使得到；博得
extra,adj, 额外的；另外收费的；特大的
money,n, 钱；货币；财富
about,adv, 大约；将近；到处；（特定位置）四下；闲着；周围；掉头
of,prep, 属于；……的；……的一部分；住在（某地）；关于；由……组成的；因为；（表示人或事的时空位置）在，当
teenagers,n, 青少年（13至19岁，teenager的复数）
have,vt, 有；让；拿；从事；允许
job,n, 工作；职业
popular,adj, 流行的，通俗的；受欢迎的；大众的；普及的
part,n, 部分；角色；零件；一些；片段
time,n, 时间；时代；次数；节拍；倍数
jobs,n, 工作（job的复数形式）
for,prep, （表示对象、用途等）给，对；为了； 关于；代表；受雇于；意思是；支持；因为；为得到；换取；就……而言；……后（更好、更快乐等）；（表示去向）往；（安排或预定）在……时；对（某人）来说（困难、必需、愉快等）；以……为价格；（表示一段时间）计；表示一系列事件之一
teenagers,n, 青少年（13至19岁，teenager的复数）
include,vt, 包含，包括
delivering,v, 发表（deliver的ing形式）；投递
newspapers,n, 报纸，报章（newspaper的复数）
shop,n, 商店；店铺
work,n, 工作；功；产品；操作；职业；行为；事业；工厂；著作；文学、音乐或艺术作品
and,conj, 和，与；就；而且；但是；然后
working,adj, 有工作的；从事普通工作的；工作上的；可行的；初步的；基本够用的；能运转的；（机器部件）操作的
in,prep, 在……内；进……里；在……期间；在……以后；穿着；在……状态中；在……方面；包含在……中；从事……；用……语言，以……媒介；以……调；在（活动）过程中；在……岁数；当……时；（引出具某种品质的人的名字）；占……；在……之中（用于较大和较小数字之间）；以……的数量；带……颜色的；以……方式；具有……特性；按照（表示方式）
restaurant,n, 餐馆；[经] 饭店
or,conj, 或，或者；还是；要不然
caf,abbr, 成本加运费价格 (cost and freight)
there,adv, 在那里；在那边；在那点上
are,v, 是（be的第二人称单复数现在式）
strict,adj, 严格的；绝对的；精确的；详细的
government,n, 政府；政体；管辖
laws,n, 法律；规章（law的复数）
about,adv, 大约；将近；到处；（特定位置）四下；闲着；周围；掉头
working,adj, 有工作的；从事普通工作的；工作上的；可行的；初步的；基本够用的；能运转的；（机器部件）操作的
hours,n, 小时（hour的复数形式）
only,adv, 只，仅仅；不料
children,n, 孩子们（child的复数）
over,adv, 倒下；翻转；穿过；完全覆盖；以上；大于；再；结束；改变；完毕；仔细地
can,aux, 能；能够；有机会；可能；被允许
work,n, 工作；功；产品；操作；职业；行为；事业；工厂；著作；文学、音乐或艺术作品
there,adv, 在那里；在那边；在那点上
are,v, 是（be的第二人称单复数现在式）
some,det, 一些；某些；好些；少量；某个；算不上；大约；至少有一点
exceptions,n, 免责条款（exception的复数形式）
for,prep, （表示对象、用途等）给，对；为了； 关于；代表；受雇于；意思是；支持；因为；为得到；换取；就……而言；……后（更好、更快乐等）；（表示去向）往；（安排或预定）在……时；对（某人）来说（困难、必需、愉快等）；以……为价格；（表示一段时间）计；表示一系列事件之一
example,n, 例子；榜样
for,prep, （表示对象、用途等）给，对；为了； 关于；代表；受雇于；意思是；支持；因为；为得到；换取；就……而言；……后（更好、更快乐等）；（表示去向）往；（安排或预定）在……时；对（某人）来说（困难、必需、愉快等）；以……为价格；（表示一段时间）计；表示一系列事件之一
actors,n, 演员，男演员；电影演员（actor的复数形式）
on,prep, 在……之上；向，朝；关于；在……时候；由……支撑；（身上）带着；一……就；吃，喝；接近；根据；挣……钱；以……支付；以……为燃料；在……中；作为……成员；借助（仪器或器械）；与……相比；增加；靠……服用药物；（由电台或电视）播放；忙碌于
school,n, 学校；学院；学派；鱼群
day,n, 一天；时期；白昼
they,pron, 他们；它们；她们
can,aux, 能；能够；有机会；可能；被允许
work,n, 工作；功；产品；操作；职业；行为；事业；工厂；著作；文学、音乐或艺术作品
maximum,n, [数] 极大，最大限度；最大量
of,prep, 属于；……的；……的一部分；住在（某地）；关于；由……组成的；因为；（表示人或事的时空位置）在，当
hours,n, 小时（hour的复数形式）
day,n, 一天；时期；白昼
but,conj, 但是；而是；然而
not,adv, 表示否定，不
during,prep, 在…
school,n, 学校；学院；学派；鱼群
hours,n, 小时（hour的复数形式）
at,prep, 在（表示存在或出现的地点、场所、位置、空间）；在……岁时；在……远；以（某种价格、速度等）；向，朝；处于……状态；处于最佳（或最差等）状态；达；因为；在……方面；响应；忙于；（武器）瞄准；用，以；（抓）住；从事于；冲 (某人……)
weekends,adv, 在每周末
and,conj, 和，与；就；而且；但是；然后
during,prep, 在…
school,n, 学校；学院；学派；鱼群
holidays,adv, 每逢假日，在假日
they,pron, 他们；它们；她们
can,aux, 能；能够；有机会；可能；被允许
work,n, 工作；功；产品；操作；职业；行为；事业；工厂；著作；文学、音乐或艺术作品
hours,n, 小时（hour的复数形式）
the,art, 这；那
national,adj, 国家的；国民的；民族的；国立的
minimum,n, 最小值；最低限度；最小化；最小量
wage,n, 工资；报酬；代价；报应
for,prep, （表示对象、用途等）给，对；为了； 关于；代表；受雇于；意思是；支持；因为；为得到；换取；就……而言；……后（更好、更快乐等）；（表示去向）往；（安排或预定）在……时；对（某人）来说（困难、必需、愉快等）；以……为价格；（表示一段时间）计；表示一系列事件之一
people,n, 人；人类；民族；公民
aged,adj, 年老的；…岁的；老年人特有的
is,v, 是（be的三单形式）
per,prep, 每，每一；经；按照；（纹章）依……的方向
hour,n, 小时；钟头；课时；…点钟
year,n, 年；年度；历年；年纪；一年的期间；某年级的学生
olds,n, 老者（old的复数形式）
must,aux, 必须；一定；应该，得
earn,vt, 赚，赚得；获得，挣得；使得到；博得
minimum,n, 最小值；最低限度；最小化；最小量
of,prep, 属于；……的；……的一部分；住在（某地）；关于；由……组成的；因为；（表示人或事的时空位置）在，当
there,adv, 在那里；在那边；在那点上
isn,abbr, 信息系统网络（InformationSystemNetwork）；综合业务网（IntegratedServicesNetwork）；国际信令网（InternationalSignalingNetwork）；内码（internal statement number）
national,adj, 国家的；国民的；民族的；国立的
minimum,n, 最小值；最低限度；最小化；最小量
waged,adj, 有职业的；有工作的；支付工资的
for,prep, （表示对象、用途等）给，对；为了； 关于；代表；受雇于；意思是；支持；因为；为得到；换取；就……而言；……后（更好、更快乐等）；（表示去向）往；（安排或预定）在……时；对（某人）来说（困难、必需、愉快等）；以……为价格；（表示一段时间）计；表示一系列事件之一
people,n, 人；人类；民族；公民
under,prep, 在……下面；在……表面下；在……的后面；（职务、级别）低于；少于；比……年轻；由……控制；根据；在……过程中；受……影响；承受着；以（某一名字）；在……项下；在（某个系统）下；在……期间；在……生存条件下；栽有；在……掌权期间；在……手下工作
in,prep, 在……内；进……里；在……期间；在……以后；穿着；在……状态中；在……方面；包含在……中；从事……；用……语言，以……媒介；以……调；在（活动）过程中；在……岁数；当……时；（引出具某种品质的人的名字）；占……；在……之中（用于较大和较小数字之间）；以……的数量；带……颜色的；以……方式；具有……特性；按照（表示方式）
britain,n, 英国；不列颠
some,det, 一些；某些；好些；少量；某个；算不上；大约；至少有一点
children,n, 孩子们（child的复数）
and,conj, 和，与；就；而且；但是；然后
teenagers,n, 青少年（13至19岁，teenager的复数）
have,vt, 有；让；拿；从事；允许
bank,n, 银行；岸；浅滩；储库
account,n, 账户；解释；账目，账单；理由；描述
there,adv, 在那里；在那边；在那点上
is,v, 是（be的三单形式）
no,adv, 不，完全不
legal,adj, 法律的；合法的；法定的；依照法律的
age,n, 年龄；时代；寿命，使用年限；阶段
limit,n, 限制；限度；界线
at,prep, 在（表示存在或出现的地点、场所、位置、空间）；在……岁时；在……远；以（某种价格、速度等）；向，朝；处于……状态；处于最佳（或最差等）状态；达；因为；在……方面；响应；忙于；（武器）瞄准；用，以；（抓）住；从事于；冲 (某人……)
which,pron, 哪一个，哪一些；（指明事物）……的那个，……的那些；（进一步提供有关某事物的信息）那个，那些
you,pron, 你；你们
can,aux, 能；能够；有机会；可能；被允许
open,adj, 公开的；敞开的；空旷的；坦率的；营业着的
bank,n, 银行；岸；浅滩；储库
account,n, 账户；解释；账目，账单；理由；描述
but,conj, 但是；而是；然而
bank,n, 银行；岸；浅滩；储库
manager,n, 经理；管理人员
can,aux, 能；能够；有机会；可能；被允许
decide,vt, 决定；解决；判决
whether,conj, 是否；不论
to,prep, 朝；位于……；到某处；到某状态；差；给；对于；比；连着；对着；等于；向……表示敬意；伴随；为了给……；适合；按……的看法；（结算账目时）记入
allow,vt, 允许；给予；认可
child,n, 儿童，小孩，孩子；产物；子孙；幼稚的人；弟子
or,conj, 或，或者；还是；要不然
young,adj, 年轻的；初期的；没有经验的
person,n, 人；身体；容貌，外表；人称
to,prep, 朝；位于……；到某处；到某状态；差；给；对于；比；连着；对着；等于；向……表示敬意；伴随；为了给……；适合；按……的看法；（结算账目时）记入
open,adj, 公开的；敞开的；空旷的；坦率的；营业着的
an,art, 一（在元音音素前）
account,n, 账户；解释；账目，账单；理由；描述
parents,n, 父母；双亲（parent的复数）
can,aux, 能；能够；有机会；可能；被允许
put,vt, 放；表达；移动；安置；赋予
pocket,n, 口袋；钱；容器
money,n, 钱；货币；财富
directly,adv, 直接地；立即；马上；正好地；坦率地
into,prep, 到……里面；触及，碰撞；朝，向；转向；关于；转变成；造成（某种结果）；除；对……很有兴趣
their,pron, 他们的，她们的；它们的
child,n, 儿童，小孩，孩子；产物；子孙；幼稚的人；弟子
bank,n, 银行；岸；浅滩；储库
account,n, 账户；解释；账目，账单；理由；描述
and,conj, 和，与；就；而且；但是；然后
then,adv, 然后；那么；于是；当时；此外
children,n, 孩子们（child的复数）
can,aux, 能；能够；有机会；可能；被允许
use,n, 使用；用途；发挥
it,pron, [指无生命的东西、动物、植物]它；这；那
to,prep, 朝；位于……；到某处；到某状态；差；给；对于；比；连着；对着；等于；向……表示敬意；伴随；为了给……；适合；按……的看法；（结算账目时）记入
pay,vt, 支付，付；偿还，补偿；给予
for,prep, （表示对象、用途等）给，对；为了； 关于；代表；受雇于；意思是；支持；因为；为得到；换取；就……而言；……后（更好、更快乐等）；（表示去向）往；（安排或预定）在……时；对（某人）来说（困难、必需、愉快等）；以……为价格；（表示一段时间）计；表示一系列事件之一
things,n, 事物（thing的复数形式）；用品；形势
without,prep, 没有；不和……在一起；不带；在……外部
carrying,v, 运送，输送；携带；传染，传播；能记住；承重；承担责任；具有（品质或特点）；带来；获得支持或通过；登载；销售；怀孕；进位（carry 的现在分词）
money,n, 钱；货币；财富
saving,n, 节约；挽救；存款
or,conj, 或，或者；还是；要不然
spending,n, 花费；开销
pocket,n, 口袋；钱；容器
money,n, 钱；货币；财富
working,adj, 有工作的；从事普通工作的；工作上的；可行的；初步的；基本够用的；能运转的；（机器部件）操作的
part,n, 部分；角色；零件；一些；片段
time,n, 时间；时代；次数；节拍；倍数
and,conj, 和，与；就；而且；但是；然后
dealing,v, 发（纸牌）；发放；买卖；与……有关；（非正式）买卖毒品（deal 的现在分词）
with,prep, 和……在一起；具有；用；反对；关于；包括；由于；随着；顺着；受雇于；虽然；支持；穿着；受……影响；表示与某物分离；由……负责
banks,n, [金融] 银行；岸，[水利] 堤（bank的复数形式）；斜床
are,v, 是（be的第二人称单复数现在式）
all,det, 所有；全部；（与单数名词连用，表示某事在某段时间内持续发生）全部的；极度；唯一；任何
parts,n, [机] 零件，部件
of,prep, 属于；……的；……的一部分；住在（某地）；关于；由……组成的；因为；（表示人或事的时空位置）在，当
the,art, 这；那
process,n, （为达到某一目标的）过程；（自然变化的）过程；工艺流程；诉讼程序；传票；突起；进展；（发型）直发式
of,prep, 属于；……的；……的一部分；住在（某地）；关于；由……组成的；因为；（表示人或事的时空位置）在，当
becoming,adj, 相配的；合适的；得体的
financially,adv, 财政上；金融上
independent,adj, 独立的；单独的；无党派的；不受约束的
adult,adj, 成年的；成熟的
and,conj, 和，与；就；而且；但是；然后
having,v, 有，拥有（have 的现在分词）
to,prep, 朝；位于……；到某处；到某状态；差；给；对于；比；连着；对着；等于；向……表示敬意；伴随；为了给……；适合；按……的看法；（结算账目时）记入
earn,vt, 赚，赚得；获得，挣得；使得到；博得
and,conj, 和，与；就；而且；但是；然后
look,vt, 看；期待；注意；面向；看上去像
after,prep, 在……之后；在……身后；反复；跟随；追求；以……命名
your,pron, 你的，你们的
own,vt, 拥有；承认
money,n, 钱；货币；财富
the,art, 这；那
pocket,n, 口袋；钱；容器
money,n, 钱；货币；财富
for,prep, （表示对象、用途等）给，对；为了； 关于；代表；受雇于；意思是；支持；因为；为得到；换取；就……而言；……后（更好、更快乐等）；（表示去向）往；（安排或预定）在……时；对（某人）来说（困难、必需、愉快等）；以……为价格；（表示一段时间）计；表示一系列事件之一
child,n, 儿童，小孩，孩子；产物；子孙；幼稚的人；弟子
in,prep, 在……内；进……里；在……期间；在……以后；穿着；在……状态中；在……方面；包含在……中；从事……；用……语言，以……媒介；以……调；在（活动）过程中；在……岁数；当……时；（引出具某种品质的人的名字）；占……；在……之中（用于较大和较小数字之间）；以……的数量；带……颜色的；以……方式；具有……特性；按照（表示方式）
scotland,n, 苏格兰
per,prep, 每，每一；经；按照；（纹章）依……的方向
week,n, 周，星期
may,aux, 可以，能够；可能，也许；祝，愿；会，能
be,vt, 是； 有，存在； 做，成为； 发生
which,pron, 哪一个，哪一些；（指明事物）……的那个，……的那些；（进一步提供有关某事物的信息）那个，那些
of,prep, 属于；……的；……的一部分；住在（某地）；关于；由……组成的；因为；（表示人或事的时空位置）在，当
the,art, 这；那
following,adj, 其次的，接着的；下面的；（风）顺的
is,v, 是（be的三单形式）
true,adj, 真实的；正确的
according,adj, 相符的；相应的；一致的
to,prep, 朝；位于……；到某处；到某状态；差；给；对于；比；连着；对着；等于；向……表示敬意；伴随；为了给……；适合；按……的看法；（结算账目时）记入
the,art, 这；那
passage,n, 一段（文章）；走廊；通路；通过；旅程，行程；船费
more,adv, 更多；此外；更大程度地
girls,n, 女孩（girl的复数）
than,conj, （用以引出比较的第二部分）比；（比较数量、距离等）多于；（表示一事紧跟另一事发生）就；除……（外）
boys,n, 男孩子们；小伙子们（boy的复数）
save,vt, 节省；保存；储蓄；解救
pocket,n, 口袋；钱；容器
money,n, 钱；货币；财富
children,n, 孩子们（child的复数）
under,prep, 在……下面；在……表面下；在……的后面；（职务、级别）低于；少于；比……年轻；由……控制；根据；在……过程中；受……影响；承受着；以（某一名字）；在……项下；在（某个系统）下；在……期间；在……生存条件下；栽有；在……掌权期间；在……手下工作
are,v, 是（be的第二人称单复数现在式）
not,adv, 表示否定，不
allowed,v, 允许，认可；给予，酌留（机会、时间）；允许进入（或出去、通过）；使可能；承认，接受；（非正式）断言，认为（allow 的过去式和过去分词）
to,prep, 朝；位于……；到某处；到某状态；差；给；对于；比；连着；对着；等于；向……表示敬意；伴随；为了给……；适合；按……的看法；（结算账目时）记入
work,n, 工作；功；产品；操作；职业；行为；事业；工厂；著作；文学、音乐或艺术作品
most,adv, 最；非常，极其；最多；几乎
british,adj, 英国的；英国人的；大不列颠的
teenagers,n, 青少年（13至19岁，teenager的复数）
have,vt, 有；让；拿；从事；允许
part,n, 部分；角色；零件；一些；片段
time,n, 时间；时代；次数；节拍；倍数
job,n, 工作；职业
year,n, 年；年度；历年；年纪；一年的期间；某年级的学生
old,adj, 陈旧的，古老的；年老的
can,aux, 能；能够；有机会；可能；被允许
work,n, 工作；功；产品；操作；职业；行为；事业；工厂；著作；文学、音乐或艺术作品
hours,n, 小时（hour的复数形式）
on,prep, 在……之上；向，朝；关于；在……时候；由……支撑；（身上）带着；一……就；吃，喝；接近；根据；挣……钱；以……支付；以……为燃料；在……中；作为……成员；借助（仪器或器械）；与……相比；增加；靠……服用药物；（由电台或电视）播放；忙碌于
saturdays,adv, 每逢星期六
the,art, 这；那
best,adj, 最好的；最愉快的；最合适的
title,n, 冠军；标题；头衔；权利；字幕
of,prep, 属于；……的；……的一部分；住在（某地）；关于；由……组成的；因为；（表示人或事的时空位置）在，当
the,art, 这；那
passage,n, 一段（文章）；走廊；通路；通过；旅程，行程；船费
is,v, 是（be的三单形式）
finance,n, 财政，财政学；金融
and,conj, 和，与；就；而且；但是；然后
independence,n, 独立性，自立性；自主
eyes,n, 眼睛（eye的复数）
on,prep, 在……之上；向，朝；关于；在……时候；由……支撑；（身上）带着；一……就；吃，喝；接近；根据；挣……钱；以……支付；以……为燃料；在……中；作为……成员；借助（仪器或器械）；与……相比；增加；靠……服用药物；（由电台或电视）播放；忙碌于
your,pron, 你的，你们的
pocket,n, 口袋；钱；容器
money,n, 钱；货币；财富
the,art, 这；那
importance,n, 价值；重要；重大；傲慢
of,prep, 属于；……的；……的一部分；住在（某地）；关于；由……组成的；因为；（表示人或事的时空位置）在，当
part,n, 部分；角色；零件；一些；片段
time,n, 时间；时代；次数；节拍；倍数
jobs,n, 工作（job的复数形式）
british,adj, 英国的；英国人的；大不列颠的
teenagers,n, 青少年（13至19岁，teenager的复数）
and,conj, 和，与；就；而且；但是；然后
their,pron, 他们的，她们的；它们的
pocket,n, 口袋；钱；容器
money,n, 钱；货币；财富
in,prep, 在……内；进……里；在……期间；在……以后；穿着；在……状态中；在……方面；包含在……中；从事……；用……语言，以……媒介；以……调；在（活动）过程中；在……岁数；当……时；（引出具某种品质的人的名字）；占……；在……之中（用于较大和较小数字之间）；以……的数量；带……颜色的；以……方式；具有……特性；按照（表示方式）
reflecting,adj, 反射的；沉思的
on,prep, 在……之上；向，朝；关于；在……时候；由……支撑；（身上）带着；一……就；吃，喝；接近；根据；挣……钱；以……支付；以……为燃料；在……中；作为……成员；借助（仪器或器械）；与……相比；增加；靠……服用药物；（由电台或电视）播放；忙碌于
the,art, 这；那
events,n, 事件；公开活动，社交场合；比赛项目（event 的复数）
of,prep, 属于；……的；……的一部分；住在（某地）；关于；由……组成的；因为；（表示人或事的时空位置）在，当
my,pron, 我的
life,n, 生活，生存；寿命
that,det, 那，那个；那种
have,vt, 有；让；拿；从事；允许
impacted,adj, 压紧的；结实的；嵌入的；（人口）稠密的
me,pron, 我（宾格）
returned,v, 返回；归还；恢复；重新开始做；回报；回击；宣告（判决）；带来（利润）；选出；（桥牌中）跟着打出；（直角）转延（墙壁）（return 的过去式和过去分词）
to,prep, 朝；位于……；到某处；到某状态；差；给；对于；比；连着；对着；等于；向……表示敬意；伴随；为了给……；适合；按……的看法；（结算账目时）记入
the,art, 这；那
night,n, 夜晚，晚上；黑暗，黑夜
of,prep, 属于；……的；……的一部分；住在（某地）；关于；由……组成的；因为；（表示人或事的时空位置）在，当
august,adj, 威严的；令人敬畏的
found,vt, 创立，建立；创办
myself,pron, 我自己；我亲自；我的正常的健康状况和正常情绪
in,prep, 在……内；进……里；在……期间；在……以后；穿着；在……状态中；在……方面；包含在……中；从事……；用……语言，以……媒介；以……调；在（活动）过程中；在……岁数；当……时；（引出具某种品质的人的名字）；占……；在……之中（用于较大和较小数字之间）；以……的数量；带……颜色的；以……方式；具有……特性；按照（表示方式）
hall,n, 过道，门厅，走廊；会堂；食堂；学生宿舍；大厅，前厅；娱乐中心，会所
in,prep, 在……内；进……里；在……期间；在……以后；穿着；在……状态中；在……方面；包含在……中；从事……；用……语言，以……媒介；以……调；在（活动）过程中；在……岁数；当……时；（引出具某种品质的人的名字）；占……；在……之中（用于较大和较小数字之间）；以……的数量；带……颜色的；以……方式；具有……特性；按照（表示方式）
new,adj, 新的，新鲜的；更新的；初见的
york,n, 约克郡；约克王朝
city,n, 城市，都市
sitting,n, 入席，就坐；开会，开庭；就餐时段；孵卵；坐着的一段时间
by,prep, 由，被；通过；相差……；到……之前；在……旁边
my,pron, 我的
mother,n, 母亲；大娘；女修道院院长
not,adv, 表示否定，不
at,prep, 在（表示存在或出现的地点、场所、位置、空间）；在……岁时；在……远；以（某种价格、速度等）；向，朝；处于……状态；处于最佳（或最差等）状态；达；因为；在……方面；响应；忙于；（武器）瞄准；用，以；（抓）住；从事于；冲 (某人……)
all,det, 所有；全部；（与单数名词连用，表示某事在某段时间内持续发生）全部的；极度；唯一；任何
tired,adj, 疲倦的；厌倦的，厌烦的
although,conj, 尽管，虽然；但是，然而
we,pron, 我们（主格）；笔者，本人（作者或演讲人使用）；朕，寡人
had,v, 有；吃；得到（动词have的过去式和过去分词）
flown,v, 飞行（fly的过去分词）
the,art, 这；那
day,n, 一天；时期；白昼
before,prep, 在……之前，先于；在……面前；面对（法院、法庭或其他官方机关）并受审；（宁愿……）不愿
and,conj, 和，与；就；而且；但是；然后
driven,adj, 被动的，受到驱策的；有紧迫感的；（人）发愤图强的
five,n, 五，五个；五美元钞票
hours,n, 小时（hour的复数形式）
to,prep, 朝；位于……；到某处；到某状态；差；给；对于；比；连着；对着；等于；向……表示敬意；伴随；为了给……；适合；按……的看法；（结算账目时）记入
the,art, 这；那
city,n, 城市，都市
for,prep, （表示对象、用途等）给，对；为了； 关于；代表；受雇于；意思是；支持；因为；为得到；换取；就……而言；……后（更好、更快乐等）；（表示去向）往；（安排或预定）在……时；对（某人）来说（困难、必需、愉快等）；以……为价格；（表示一段时间）计；表示一系列事件之一
an,art, 一（在元音音素前）
evening,n, 晚上；傍晚；（联欢性的）晚会；后期
with,prep, 和……在一起；具有；用；反对；关于；包括；由于；随着；顺着；受雇于；虽然；支持；穿着；受……影响；表示与某物分离；由……负责
harry,v, （不断）烦扰；不断袭击
carrie,n, 卡丽（女名，Caroline的昵称）
and,conj, 和，与；就；而且；但是；然后
garp,abbr, 全球大气研究方案（Global Atmospheric Research Program）
charity,n, 慈善；施舍；慈善团体；宽容；施舍物
event,n, 事件，大事；项目；结果
with,prep, 和……在一起；具有；用；反对；关于；包括；由于；随着；顺着；受雇于；虽然；支持；穿着；受……影响；表示与某物分离；由……负责
readings,n, 读物；文本；朗读（reading的复数）
by,prep, 由，被；通过；相差……；到……之前；在……旁边
three,n, 三，三个
the,art, 这；那
excitement,n, 兴奋；刺激；令人兴奋的事物
rushing,adj, 急速流动的，飞奔的
through,prep, 穿过，从一端到另一端；断开，洞穿；穿行；越过；透过……看到；隔着……听到；一直到底； 自始至终；从头到尾检查；通过（障碍、阶段或测试）；直至；经由；凭借
me,pron, 我（宾格）
kept,adj, 被资助的，（尤指）被包养的
me,pron, 我（宾格）
awake,adj, 醒着的
and,conj, 和，与；就；而且；但是；然后
thinking,v, 认为；思考；想象；料想；（表示气愤、吃惊）明白（think 的现在分词）
standing,v, 站立；站起来；移动到特定位置；（使）直立；位于（某处）（stand 的现在分词）
and,conj, 和，与；就；而且；但是；然后
applauding,vt, 赞同；称赞；向…喝采
woman,n, 妇女；女性；成年女子
as,adv, 如同，像……一样
she,pron, 她（主格）；它（用来指雌性动物或国家、船舶、地球、月亮等）
prepared,adj, 准备好的
to,prep, 朝；位于……；到某处；到某状态；差；给；对于；比；连着；对着；等于；向……表示敬意；伴随；为了给……；适合；按……的看法；（结算账目时）记入
read,vt, 阅读；读懂，理解
the,art, 这；那
harry,v, （不断）烦扰；不断袭击
potter,n, 陶艺家，制陶工人
series,n, 系列，连续；[电] 串联；级数；丛书
my,pron, 我的
gateway,n, 门；网关；方法；通道；途径
to,prep, 朝；位于……；到某处；到某状态；差；给；对于；比；连着；对着；等于；向……表示敬意；伴随；为了给……；适合；按……的看法；（结算账目时）记入
my,pron, 我的
academic,adj, 学术的；理论的；学院的
adolescence,n, 青春期
so,adv, 如此，这么；确是如此
fascinated,adj, 着迷的；被深深吸引的
by,prep, 由，被；通过；相差……；到……之前；在……旁边
the,art, 这；那
magic,n, 魔法，巫术；魔术；魅力；（非正式）有魅力之物；（非正式）罕见才能
world,n, 世界；领域；世俗；全人类；物质生活
that,det, 那，那个；那种
my,pron, 我的
mother,n, 母亲；大娘；女修道院院长
began,v, 开始；创建；着手于（begin的过去式）
taking,n, 取得；捕获；营业收入
me,pron, 我（宾格）
to,prep, 朝；位于……；到某处；到某状态；差；给；对于；比；连着；对着；等于；向……表示敬意；伴随；为了给……；适合；按……的看法；（结算账目时）记入
academic,adj, 学术的；理论的；学院的
conferences,n, 会议（conference的复数形式）
focused,adj, 聚焦的；专心的
on,prep, 在……之上；向，朝；关于；在……时候；由……支撑；（身上）带着；一……就；吃，喝；接近；根据；挣……钱；以……支付；以……为燃料；在……中；作为……成员；借助（仪器或器械）；与……相比；增加；靠……服用药物；（由电台或电视）播放；忙碌于
the,art, 这；那
books,n, 书籍（book的复数）；书评
since,prep, 自……以后；（表示气愤）何曾
have,vt, 有；让；拿；从事；允许
attended,v, 参加；注意；照料（attend的过去分词）；伴随
presentations,n, 展示；自我介绍；业务陈述（presentation的复数形式）
about,adv, 大约；将近；到处；（特定位置）四下；闲着；周围；掉头
the,art, 这；那
latin,adj, 拉丁语的；拉丁人的
origin,n, 起源；原点；出身；开端
of,prep, 属于；……的；……的一部分；住在（某地）；关于；由……组成的；因为；（表示人或事的时空位置）在，当
terms,n, 地位，关系；[法] 条款；术语；措辞；价钱（term的复数形式）
and,conj, 和，与；就；而且；但是；然后
spells,v, 拼写（spell的第三人称单数）
the,art, 这；那
ancient,adj, 古代的；古老的，过时的；年老的
tales,n, 故事；候补陪审员召集令（用作单数）；补缺陪审员；谎言（tale的复数）
and,conj, 和，与；就；而且；但是；然后
the,art, 这；那
idea,n, 想法；主意；概念
of,prep, 属于；……的；……的一部分；住在（某地）；关于；由……组成的；因为；（表示人或事的时空位置）在，当
magic,n, 魔法，巫术；魔术；魅力；（非正式）有魅力之物；（非正式）罕见才能
these,det, 这些（this 的复数）
books,n, 书籍（book的复数）；书评
opened,v, 打开，开启（open过去分词形式）
my,pron, 我的
eyes,n, 眼睛（eye的复数）
to,prep, 朝；位于……；到某处；到某状态；差；给；对于；比；连着；对着；等于；向……表示敬意；伴随；为了给……；适合；按……的看法；（结算账目时）记入
the,art, 这；那
whole,adj, 完整的；纯粹的
world,n, 世界；领域；世俗；全人类；物质生活
and,conj, 和，与；就；而且；但是；然后
to,prep, 朝；位于……；到某处；到某状态；差；给；对于；比；连着；对着；等于；向……表示敬意；伴随；为了给……；适合；按……的看法；（结算账目时）记入
knowledge,n, 知识，学问；知道，认识；学科
itself,pron, 它自己；它本身
they,pron, 他们；它们；她们
kept,adj, 被资助的，（尤指）被包养的
my,pron, 我的
brain,n, 头脑，智力；脑袋
working,adj, 有工作的；从事普通工作的；工作上的；可行的；初步的；基本够用的；能运转的；（机器部件）操作的
over,adv, 倒下；翻转；穿过；完全覆盖；以上；大于；再；结束；改变；完毕；仔细地
the,art, 这；那
summers,n, 夏季，夏天（summer的复数形式）
more,adv, 更多；此外；更大程度地
importantly,adv, 重要地，重要的是；自命不凡地
they,pron, 他们；它们；她们
helped,v, 帮助（help的过去分词）
me,pron, 我（宾格）
adopt,vt, 采取；接受；收养；正式通过
the,art, 这；那
ideas,abbr, 工业设计优秀奖
useful,adj, 有用的，有益的；有帮助的
in,prep, 在……内；进……里；在……期间；在……以后；穿着；在……状态中；在……方面；包含在……中；从事……；用……语言，以……媒介；以……调；在（活动）过程中；在……岁数；当……时；（引出具某种品质的人的名字）；占……；在……之中（用于较大和较小数字之间）；以……的数量；带……颜色的；以……方式；具有……特性；按照（表示方式）
school,n, 学校；学院；学派；鱼群
and,conj, 和，与；就；而且；但是；然后
beyond,prep, 在（或向）……较远的一边；超过，越过；晚于，迟于
that,det, 那，那个；那种
there,adv, 在那里；在那边；在那点上
is,v, 是（be的三单形式）
always,adv, 永远，一直；总是；常常
another,det, 又一，另一；另外的，不同的；类似
way,n, 方法；道路；方向；行业；习惯
to,prep, 朝；位于……；到某处；到某状态；差；给；对于；比；连着；对着；等于；向……表示敬意；伴随；为了给……；适合；按……的看法；（结算账目时）记入
do,v, 做，干，办（某事）；行动，表现；顺利进行，进展；从事（工作）；执行（任务）；学习，研究；解答，解决，算出；制作，做出；演出，编排（戏剧等）；仿效，模仿；完成，做好；供给，提供；走过，行过；以……速度行进；达到（一定销售额）；参观，游览，旅行；处理；适合，足够；煮制；欺骗；惩罚；（从某地方）盗窃；护理；（非正式）吸（毒）；（非正式）性交；度过（一段时间）；导致，引起；（非正式）痛打，杀死；生长；整理
something,pron, 某事；某物；想来重要（或值得注意）的事物；（数目）若干，大致，左右； 有点像；真不错；(想法或建议)）有道理；诸如此类的东西
or,conj, 或，或者；还是；要不然
to,prep, 朝；位于……；到某处；到某状态；差；给；对于；比；连着；对着；等于；向……表示敬意；伴随；为了给……；适合；按……的看法；（结算账目时）记入
understand,vt, 理解；懂；获悉；推断；省略；明白
an,art, 一（在元音音素前）
issue,n, 问题；流出；期号；发行物
with,prep, 和……在一起；具有；用；反对；关于；包括；由于；随着；顺着；受雇于；虽然；支持；穿着；受……影响；表示与某物分离；由……负责
uncertainty,n, 犹豫；不确定的事物；不确定度
and,conj, 和，与；就；而且；但是；然后
doubt,n, 怀疑；疑问；疑惑
come,vi, 来；开始；出现；发生；变成；到达
creative,adj, 创造性的
ideas,abbr, 工业设计优秀奖
and,conj, 和，与；就；而且；但是；然后
new,adj, 新的，新鲜的；更新的；初见的
ways,n, 方法（way的复数）；滑路
to,prep, 朝；位于……；到某处；到某状态；差；给；对于；比；连着；对着；等于；向……表示敬意；伴随；为了给……；适合；按……的看法；（结算账目时）记入
look,vt, 看；期待；注意；面向；看上去像
at,prep, 在（表示存在或出现的地点、场所、位置、空间）；在……岁时；在……远；以（某种价格、速度等）；向，朝；处于……状态；处于最佳（或最差等）状态；达；因为；在……方面；响应；忙于；（武器）瞄准；用，以；（抓）住；从事于；冲 (某人……)
problems,n, [数] 问题；难题（problem的复数）
that,det, 那，那个；那种
may,aux, 可以，能够；可能，也许；祝，愿；会，能
result,n, 结果；成绩；答案；比赛结果
in,prep, 在……内；进……里；在……期间；在……以后；穿着；在……状态中；在……方面；包含在……中；从事……；用……语言，以……媒介；以……调；在（活动）过程中；在……岁数；当……时；（引出具某种品质的人的名字）；占……；在……之中（用于较大和较小数字之间）；以……的数量；带……颜色的；以……方式；具有……特性；按照（表示方式）
new,adj, 新的，新鲜的；更新的；初见的
different,adj, 不同的；个别的，与众不同的
faster,adj, 更快的
and,conj, 和，与；就；而且；但是；然后
easier,adj, 更简单；容易些（easy的比较级形式）；较早的
solutions,n, 解决方案；应对措施；溶液剂（solution的复数）
and,conj, 和，与；就；而且；但是；然后
all,det, 所有；全部；（与单数名词连用，表示某事在某段时间内持续发生）全部的；极度；唯一；任何
this,pron, 这，这个；这样；今，本；……的这个；有个
came,v, come的过去式
from,prep, 从……起；从……开始；寄自，得自；来自；由……（制成）；（两地的距离）离；从；从……（到）；（使）免遭；由于；根据；与……（不同）；防；不在；从……来看；妨碍
little,adj, 小的；很少的；短暂的；小巧可爱的
magic,n, 魔法，巫术；魔术；魅力；（非正式）有魅力之物；（非正式）罕见才能
from,prep, 从……起；从……开始；寄自，得自；来自；由……（制成）；（两地的距离）离；从；从……（到）；（使）免遭；由于；根据；与……（不同）；防；不在；从……来看；妨碍
book,n, 书籍；卷；账簿；名册；工作簿
that,det, 那，那个；那种
many,det, 许多
people,n, 人；人类；民族；公民
see,vt, 看见；理解；领会；觉察；拜访
as,adv, 如同，像……一样
series,n, 系列，连续；[电] 串联；级数；丛书
for,prep, （表示对象、用途等）给，对；为了； 关于；代表；受雇于；意思是；支持；因为；为得到；换取；就……而言；……后（更好、更快乐等）；（表示去向）往；（安排或预定）在……时；对（某人）来说（困难、必需、愉快等）；以……为价格；（表示一段时间）计；表示一系列事件之一
children,n, 孩子们（child的复数）
also,adv, 也；而且；同样
attended,v, 参加；注意；照料（attend的过去分词）；伴随
lectures,n, 演讲，讲演（lecture复数形式）
about,adv, 大约；将近；到处；（特定位置）四下；闲着；周围；掉头
ms,abbr, 毫秒（millisecond）；手稿（manuscript）；女士（Ms
rowling,n, (Rowling) （美）罗琳（人名）
ability,n, 能力，能耐；才能
to,prep, 朝；位于……；到某处；到某状态；差；给；对于；比；连着；对着；等于；向……表示敬意；伴随；为了给……；适合；按……的看法；（结算账目时）记入
beautifully,adv, 漂亮地；美好地
write,vi, 写，写字；写作，作曲；写信
the,art, 这；那
story,n, 故事；小说；描述；新闻报道；来历；假话；层；一种测量单位（1 story 等于 3
with,prep, 和……在一起；具有；用；反对；关于；包括；由于；随着；顺着；受雇于；虽然；支持；穿着；受……影响；表示与某物分离；由……负责
every,adj, 每一的，每个的；每隔……的；（用于强调）所有可能的，完全可能的
small,adj, 少的，小的；微弱的；几乎没有的；不重要的；幼小的
detail,n, 细节，琐事；具体信息；次要部分；分队，支队
connected,adj, [计] 连接的；有联系的；连贯的
to,prep, 朝；位于……；到某处；到某状态；差；给；对于；比；连着；对着；等于；向……表示敬意；伴随；为了给……；适合；按……的看法；（结算账目时）记入
something,pron, 某事；某物；想来重要（或值得注意）的事物；（数目）若干，大致，左右； 有点像；真不错；(想法或建议)）有道理；诸如此类的东西
else,adv, 其他；否则；另外
for,prep, （表示对象、用途等）给，对；为了； 关于；代表；受雇于；意思是；支持；因为；为得到；换取；就……而言；……后（更好、更快乐等）；（表示去向）往；（安排或预定）在……时；对（某人）来说（困难、必需、愉快等）；以……为价格；（表示一段时间）计；表示一系列事件之一
example,n, 例子；榜样
details,n, 细节（detail的复数）；详细资料
in,prep, 在……内；进……里；在……期间；在……以后；穿着；在……状态中；在……方面；包含在……中；从事……；用……语言，以……媒介；以……调；在（活动）过程中；在……岁数；当……时；（引出具某种品质的人的名字）；占……；在……之中（用于较大和较小数字之间）；以……的数量；带……颜色的；以……方式；具有……特性；按照（表示方式）
books,n, 书籍（book的复数）；书评
by,prep, 由，被；通过；相差……；到……之前；在……旁边
jonathan,n, 乔纳森（男子名）
swift,adj, 迅速的，快的，敏捷的；立刻的
to,prep, 朝；位于……；到某处；到某状态；差；给；对于；比；连着；对着；等于；向……表示敬意；伴随；为了给……；适合；按……的看法；（结算账目时）记入
chaucer,n, 乔叟（英国作家）
to,prep, 朝；位于……；到某处；到某状态；差；给；对于；比；连着；对着；等于；向……表示敬意；伴随；为了给……；适合；按……的看法；（结算账目时）记入
dickens,n, （用于问句中，表示烦恼或吃惊）究竟；（某人）……极了；魔鬼
and,conj, 和，与；就；而且；但是；然后
austin,n, 奥斯丁（人名）；英国制汽车牌名
learned,adj, 博学的，有学问的；学术上的，学者的；通过训练形成的，学到的
that,det, 那，那个；那种
like,prep, 像，如同；符合……的方式；有……的特点；（用于询问）……怎么样；例如，好比
all,det, 所有；全部；（与单数名词连用，表示某事在某段时间内持续发生）全部的；极度；唯一；任何
great,adj, 伟大的，重大的；极好的，好的；主要的
books,n, 书籍（book的复数）；书评
rowling,n, (Rowling) （美）罗琳（人名）
stories,n, 故事（story 的复数）；楼层（story 或 storey 的复数）
encouraged,v, 鼓励( encourage的过去式和过去分词 )；支持；促进；鼓动
connection,n, 连接；关系；人脉；连接件
across,adv, 从……的一边到另一边，穿过，越过；在对面，横过；宽；向；（纵横填字游戏）横向字谜答案
mind,n, 理智，精神；意见；智力；记忆力
body,n, 身体；主体；大量；团体；主要部分
and,conj, 和，与；就；而且；但是；然后
soul,n, 灵魂；心灵；精神；鬼魂
although,conj, 尽管，虽然；但是，然而
the,art, 这；那
series,n, 系列，连续；[电] 串联；级数；丛书
has,v, 有，吃，得到，从事，允许，雇用，享有（have的第三人称单数）；（亲属关系中）接受；拿；买到
been,v, 是，有（be的过去分词）
by,prep, 由，被；通过；相差……；到……之前；在……旁边
those,det, 那些（that 的复数）
who,pron, 谁；什么人
believe,vi, 信任；料想；笃信宗教
it,pron, [指无生命的东西、动物、植物]它；这；那
bad,adj, 坏的；严重的；劣质的
behavior,n, 行为，举止；态度；反应
in,prep, 在……内；进……里；在……期间；在……以后；穿着；在……状态中；在……方面；包含在……中；从事……；用……语言，以……媒介；以……调；在（活动）过程中；在……岁数；当……时；（引出具某种品质的人的名字）；占……；在……之中（用于较大和较小数字之间）；以……的数量；带……颜色的；以……方式；具有……特性；按照（表示方式）
children,n, 孩子们（child的复数）
able,adj, 能；[经管] 有能力的；能干的
to,prep, 朝；位于……；到某处；到某状态；差；给；对于；比；连着；对着；等于；向……表示敬意；伴随；为了给……；适合；按……的看法；（结算账目时）记入
hear,vt, 听到，听；听说；审理
discussions,n, 讨论；论述（discussion的复数）；审议
by,prep, 由，被；通过；相差……；到……之前；在……旁边
those,det, 那些（that 的复数）
who,pron, 谁；什么人
claimed,v, 声称；宣称；断言（claim的过去式）
that,det, 那，那个；那种
these,det, 这些（this 的复数）
books,n, 书籍（book的复数）；书评
teach,vt, 教；教授；教导
wonderful,adj, 极好的，精彩的，绝妙的；奇妙的；美妙；胜；神妙
messages,n, [计][通信] 信息，留言板（message的复数形式）
if,conj, （表条件）如果；（表假设）要是，假如；无论何时；虽然，即使；（用于间接疑问）是否；（用于礼貌问询）是否；当，每次；（与情态动词连用）表婉转客气；这不是……，要是……多好；或许不；就算；尽管
one,num, 一；一个；一岁；一点钟
gets,v, 得到（get的第三人称单数）；抓住；说服；受到（惩罚等）
its,pron, 它的
deeper,adj, 更深
meaning,n, 意义；含义；意图
it,pron, [指无生命的东西、动物、植物]它；这；那
is,v, 是（be的三单形式）
my,pron, 我的
generation,n, 一代；产生；一代人；生殖
shared,adj, 共享的
text,n, [计] 文本；课文；主题
all,det, 所有；全部；（与单数名词连用，表示某事在某段时间内持续发生）全部的；极度；唯一；任何
college,n, 大学；学院；学会
freshmen,n, 大学一年级新生；新手（freshman的复数）
are,v, 是（be的第二人称单复数现在式）
familiar,adj, 熟悉的；常见的；亲近的
with,prep, 和……在一起；具有；用；反对；关于；包括；由于；随着；顺着；受雇于；虽然；支持；穿着；受……影响；表示与某物分离；由……负责
the,art, 这；那
stories,n, 故事（story 的复数）；楼层（story 或 storey 的复数）
and,conj, 和，与；就；而且；但是；然后
that,det, 那，那个；那种
gives,n, 付出；弯曲；内幕消息（give的复数）
us,pron, 我们
set,v, 放，置，使处于；使开始；（故事、电影等）以
of,prep, 属于；……的；……的一部分；住在（某地）；关于；由……组成的；因为；（表示人或事的时空位置）在，当
common,adj, 共同的；普通的；一般的；通常的
and,conj, 和，与；就；而且；但是；然后
ideas,abbr, 工业设计优秀奖
that,det, 那，那个；那种
help,vt, 帮助；促进；治疗；补救
us,pron, 我们
start,vt, 开始；启动
to,prep, 朝；位于……；到某处；到某状态；差；给；对于；比；连着；对着；等于；向……表示敬意；伴随；为了给……；适合；按……的看法；（结算账目时）记入
learn,vt, 学习；得知；认识到
new,adj, 新的，新鲜的；更新的；初见的
things,n, 事物（thing的复数形式）；用品；形势
what,pron, 什么；多么；多少
did,v, 做（do的过去式）
the,art, 这；那
author,n, 作者；作家；创始人
do,v, 做，干，办（某事）；行动，表现；顺利进行，进展；从事（工作）；执行（任务）；学习，研究；解答，解决，算出；制作，做出；演出，编排（戏剧等）；仿效，模仿；完成，做好；供给，提供；走过，行过；以……速度行进；达到（一定销售额）；参观，游览，旅行；处理；适合，足够；煮制；欺骗；惩罚；（从某地方）盗窃；护理；（非正式）吸（毒）；（非正式）性交；度过（一段时间）；导致，引起；（非正式）痛打，杀死；生长；整理
on,prep, 在……之上；向，朝；关于；在……时候；由……支撑；（身上）带着；一……就；吃，喝；接近；根据；挣……钱；以……支付；以……为燃料；在……中；作为……成员；借助（仪器或器械）；与……相比；增加；靠……服用药物；（由电台或电视）播放；忙碌于
the,art, 这；那
night,n, 夜晚，晚上；黑暗，黑夜
of,prep, 属于；……的；……的一部分；住在（某地）；关于；由……组成的；因为；（表示人或事的时空位置）在，当
august,adj, 威严的；令人敬畏的
he,pron, 他；（泛指的）人；上帝
flew,v, 飞，飞翔（fly的过去式）
for,prep, （表示对象、用途等）给，对；为了； 关于；代表；受雇于；意思是；支持；因为；为得到；换取；就……而言；……后（更好、更快乐等）；（表示去向）往；（安排或预定）在……时；对（某人）来说（困难、必需、愉快等）；以……为价格；（表示一段时间）计；表示一系列事件之一
charity,n, 慈善；施舍；慈善团体；宽容；施舍物
event,n, 事件，大事；项目；结果
he,pron, 他；（泛指的）人；上帝
drove,n, （被驱赶的）畜群；一批相似的东西；（做着相同事的）人群
back,n, 背部；脊梁骨；后部；背面；末尾；（椅子）靠背；后卫；船体；（飞机）机身；（人的）躯干；
home,n, 家，住宅；产地；家乡；避难所
he,pron, 他；（泛指的）人；上帝
listened,v, 听；遵从（listen的过去分词）
to,prep, 朝；位于……；到某处；到某状态；差；给；对于；比；连着；对着；等于；向……表示敬意；伴随；为了给……；适合；按……的看法；（结算账目时）记入
readings,n, 读物；文本；朗读（reading的复数）
by,prep, 由，被；通过；相差……；到……之前；在……旁边
some,det, 一些；某些；好些；少量；某个；算不上；大约；至少有一点
he,pron, 他；（泛指的）人；上帝
the,art, 这；那
excitement,n, 兴奋；刺激；令人兴奋的事物
of,prep, 属于；……的；……的一部分；住在（某地）；关于；由……组成的；因为；（表示人或事的时空位置）在，当
driving,n, 驾驶，行车方式
the,art, 这；那
harry,v, （不断）烦扰；不断袭击
potter,n, 陶艺家，制陶工人
books,n, 书籍（book的复数）；书评
led,v, 领导；通向；指引（lead的过去分词）
the,art, 这；那
author,n, 作者；作家；创始人
to,prep, 朝；位于……；到某处；到某状态；差；给；对于；比；连着；对着；等于；向……表示敬意；伴随；为了给……；适合；按……的看法；（结算账目时）记入
getting,v, 获得；买到；挣得；收到；得到（get 的现在分词）
jobs,n, 工作（job的复数形式）
in,prep, 在……内；进……里；在……期间；在……以后；穿着；在……状态中；在……方面；包含在……中；从事……；用……语言，以……媒介；以……调；在（活动）过程中；在……岁数；当……时；（引出具某种品质的人的名字）；占……；在……之中（用于较大和较小数字之间）；以……的数量；带……颜色的；以……方式；具有……特性；按照（表示方式）
summers,n, 夏季，夏天（summer的复数形式）
studying,v, 研究（study的ing形式）；学习
harder,adj, 更难的；更努力的；更坚固的（hard的比较级）
in,prep, 在……内；进……里；在……期间；在……以后；穿着；在……状态中；在……方面；包含在……中；从事……；用……语言，以……媒介；以……调；在（活动）过程中；在……岁数；当……时；（引出具某种品质的人的名字）；占……；在……之中（用于较大和较小数字之间）；以……的数量；带……颜色的；以……方式；具有……特性；按照（表示方式）
school,n, 学校；学院；学派；鱼群
writing,n, 书写；写作技能；著书立说，写作的职业；作品，著作；文字；笔迹
books,n, 书籍（book的复数）；书评
for,prep, （表示对象、用途等）给，对；为了； 关于；代表；受雇于；意思是；支持；因为；为得到；换取；就……而言；……后（更好、更快乐等）；（表示去向）往；（安排或预定）在……时；对（某人）来说（困难、必需、愉快等）；以……为价格；（表示一段时间）计；表示一系列事件之一
children,n, 孩子们（child的复数）
viewing,n, 察看，观看；收看（电视）；亲眼目睹的机会（尤指观看艺术作品）
things,n, 事物（thing的复数形式）；用品；形势
in,prep, 在……内；进……里；在……期间；在……以后；穿着；在……状态中；在……方面；包含在……中；从事……；用……语言，以……媒介；以……调；在（活动）过程中；在……岁数；当……时；（引出具某种品质的人的名字）；占……；在……之中（用于较大和较小数字之间）；以……的数量；带……颜色的；以……方式；具有……特性；按照（表示方式）
new,adj, 新的，新鲜的；更新的；初见的
ways,n, 方法（way的复数）；滑路
from,prep, 从……起；从……开始；寄自，得自；来自；由……（制成）；（两地的距离）离；从；从……（到）；（使）免遭；由于；根据；与……（不同）；防；不在；从……来看；妨碍
the,art, 这；那
lectures,n, 演讲，讲演（lecture复数形式）
the,art, 这；那
author,n, 作者；作家；创始人
knew,v, 知道；认识；记得（know的过去式）
more,adv, 更多；此外；更大程度地
about,adv, 大约；将近；到处；（特定位置）四下；闲着；周围；掉头
story,n, 故事；小说；描述；新闻报道；来历；假话；层；一种测量单位（1 story 等于 3
writing,n, 书写；写作技能；著书立说，写作的职业；作品，著作；文字；笔迹
skills,n, 技能；技巧（skill的复数形式）；技术
rowling,n, (Rowling) （美）罗琳（人名）
life,n, 生活，生存；寿命
stories,n, 故事（story 的复数）；楼层（story 或 storey 的复数）
criticism,n, 批评；考证；苛求
against,prep, 反对，违反；对……不利；紧靠，倚，碰撞；针对；预防，抵御；（体育比赛）对阵；以……为背景；参照，和……相比；（赌博）预计……的失败
books,n, 书籍（book的复数）；书评
great,adj, 伟大的，重大的；极好的，好的；主要的
in,prep, 在……内；进……里；在……期间；在……以后；穿着；在……状态中；在……方面；包含在……中；从事……；用……语言，以……媒介；以……调；在（活动）过程中；在……岁数；当……时；（引出具某种品质的人的名字）；占……；在……之中（用于较大和较小数字之间）；以……的数量；带……颜色的；以……方式；具有……特性；按照（表示方式）
history,n, 历史，历史学；历史记录；来历
what,pron, 什么；多么；多少
can,aux, 能；能够；有机会；可能；被允许
we,pron, 我们（主格）；笔者，本人（作者或演讲人使用）；朕，寡人
know,vt, 知道；认识；懂得
about,adv, 大约；将近；到处；（特定位置）四下；闲着；周围；掉头
the,art, 这；那
author,n, 作者；作家；创始人
she,pron, 她（主格）；它（用来指雌性动物或国家、船舶、地球、月亮等）
decides,vt, 决定；解决；判决
to,prep, 朝；位于……；到某处；到某状态；差；给；对于；比；连着；对着；等于；向……表示敬意；伴随；为了给……；适合；按……的看法；（结算账目时）记入
write,vi, 写，写字；写作，作曲；写信
similar,adj, 相似的
stories,n, 故事（story 的复数）；楼层（story 或 storey 的复数）
she,pron, 她（主格）；它（用来指雌性动物或国家、船舶、地球、月亮等）
to,prep, 朝；位于……；到某处；到某状态；差；给；对于；比；连着；对着；等于；向……表示敬意；伴随；为了给……；适合；按……的看法；（结算账目时）记入
go,vi, 走；达到；运转；趋于
to,prep, 朝；位于……；到某处；到某状态；差；给；对于；比；连着；对着；等于；向……表示敬意；伴随；为了给……；适合；按……的看法；（结算账目时）记入
major,adj, 主要的；重要的；主修的；较多的
in,prep, 在……内；进……里；在……期间；在……以后；穿着；在……状态中；在……方面；包含在……中；从事……；用……语言，以……媒介；以……调；在（活动）过程中；在……岁数；当……时；（引出具某种品质的人的名字）；占……；在……之中（用于较大和较小数字之间）；以……的数量；带……颜色的；以……方式；具有……特性；按照（表示方式）
writing,n, 书写；写作技能；著书立说，写作的职业；作品，著作；文字；笔迹
she,pron, 她（主格）；它（用来指雌性动物或国家、船舶、地球、月亮等）
have,vt, 有；让；拿；从事；允许
her,pron, 她（she的宾格）；她的（she的所有格）；她（指某个国家；一艘船）
family,n, 家庭；亲属；家族；子女；[生]科；语族；[化]族
support,v, 支持；帮助；支撑；维持；证实；胜任；忍受；（尤指在财政方面）资助；（在流行音乐会上）当助演；安慰；（计算机）支持……的运行
she,pron, 她（主格）；它（用来指雌性动物或国家、船舶、地球、月亮等）
may,aux, 可以，能够；可能，也许；祝，愿；会，能
continue,vi, 继续，延续；仍旧，连续
to,prep, 朝；位于……；到某处；到某状态；差；给；对于；比；连着；对着；等于；向……表示敬意；伴随；为了给……；适合；按……的看法；（结算账目时）记入
read,vt, 阅读；读懂，理解
magic,n, 魔法，巫术；魔术；魅力；（非正式）有魅力之物；（非正式）罕见才能
stories,n, 故事（story 的复数）；楼层（story 或 storey 的复数）
during,prep, 在…
these,det, 这些（this 的复数）
past,adj, 过去的，从前的，以往的；刚过去的，刚结束的；（动词）过去式的；完成的，结束的
few,adj, 很少的；几乎没有的
days,adv, 每天；在白天
have,vt, 有；让；拿；从事；允许
been,v, 是，有（be的过去分词）
reflecting,adj, 反射的；沉思的
lot,n, 份额；许多；命运；阄
on,prep, 在……之上；向，朝；关于；在……时候；由……支撑；（身上）带着；一……就；吃，喝；接近；根据；挣……钱；以……支付；以……为燃料；在……中；作为……成员；借助（仪器或器械）；与……相比；增加；靠……服用药物；（由电台或电视）播放；忙碌于
everything,pron, 每件事物，（有关的）一切，万事；形势，情况；最重要的东西
that,det, 那，那个；那种
happened,vi, 发生（happen 的过去式及过去分词）
this,pron, 这，这个；这样；今，本；……的这个；有个
past,adj, 过去的，从前的，以往的；刚过去的，刚结束的；（动词）过去式的；完成的，结束的
year,n, 年；年度；历年；年纪；一年的期间；某年级的学生
and,conj, 和，与；就；而且；但是；然后
thinking,v, 认为；思考；想象；料想；（表示气愤、吃惊）明白（think 的现在分词）
of,prep, 属于；……的；……的一部分；住在（某地）；关于；由……组成的；因为；（表示人或事的时空位置）在，当
what,pron, 什么；多么；多少
can,aux, 能；能够；有机会；可能；被允许
do,v, 做，干，办（某事）；行动，表现；顺利进行，进展；从事（工作）；执行（任务）；学习，研究；解答，解决，算出；制作，做出；演出，编排（戏剧等）；仿效，模仿；完成，做好；供给，提供；走过，行过；以……速度行进；达到（一定销售额）；参观，游览，旅行；处理；适合，足够；煮制；欺骗；惩罚；（从某地方）盗窃；护理；（非正式）吸（毒）；（非正式）性交；度过（一段时间）；导致，引起；（非正式）痛打，杀死；生长；整理
differently,adv, 不同地；差异；各种
so,adv, 如此，这么；确是如此
that,det, 那，那个；那种
the,art, 这；那
coming,adj, 即将发生的；下一个的；刚刚开始的；有希望成功的
year,n, 年；年度；历年；年纪；一年的期间；某年级的学生
will,aux, 将；总是；愿意；（表示能力、容量等）能；惯于；可能；必须
be,vt, 是； 有，存在； 做，成为； 发生
much,adv, 非常，很
better,adj, 更好的；更熟练的；更合适的；（病势）好转的
here,adv, 在这里；此时
want,vt, 需要；希望；应该；缺少
to,prep, 朝；位于……；到某处；到某状态；差；给；对于；比；连着；对着；等于；向……表示敬意；伴随；为了给……；适合；按……的看法；（结算账目时）记入
share,v, 分享，共用；分配；有同样的感情（或经历）；分担
some,det, 一些；某些；好些；少量；某个；算不上；大约；至少有一点
tips,n, 秘诀，技巧；小贴士，小窍门
so,adv, 如此，这么；确是如此
you,pron, 你；你们
can,aux, 能；能够；有机会；可能；被允许
also,adv, 也；而且；同样
do,v, 做，干，办（某事）；行动，表现；顺利进行，进展；从事（工作）；执行（任务）；学习，研究；解答，解决，算出；制作，做出；演出，编排（戏剧等）；仿效，模仿；完成，做好；供给，提供；走过，行过；以……速度行进；达到（一定销售额）；参观，游览，旅行；处理；适合，足够；煮制；欺骗；惩罚；（从某地方）盗窃；护理；（非正式）吸（毒）；（非正式）性交；度过（一段时间）；导致，引起；（非正式）痛打，杀死；生长；整理
your,pron, 你的，你们的
resolution,n, [物] 分辨率；决议；解决；决心
and,conj, 和，与；就；而且；但是；然后
you,pron, 你；你们
can,aux, 能；能够；有机会；可能；被允许
achieve,vt, 取得；获得；实现；成功
them,pron, 他们；它们；她们
all,det, 所有；全部；（与单数名词连用，表示某事在某段时间内持续发生）全部的；极度；唯一；任何
be,vt, 是； 有，存在； 做，成为； 发生
realistic,adj, 现实的；现实主义的；逼真的；实在论的
you,pron, 你；你们
should,aux, 应该；就；可能；将要；本当；竟然
always,adv, 永远，一直；总是；常常
try,vt, 试图，努力；试验；审判；考验
